40000,22,127,157,213,0x89a86be0effe52682222212d74913b497eecd506
40001,57,113,159,225,0x89a86be0effe52682222212d74913b497eecd506
40002,18,73,146,202,0x89a86be0effe52682222212d74913b497eecd506
40003,5,75,142,233,0x89a86be0effe52682222212d74913b497eecd506
40004,48,66,169,200,0x89a86be0effe52682222212d74913b497eecd506
40005,25,92,188,246,0x89a86be0effe52682222212d74913b497eecd506
40006,1,119,142,223,0x89a86be0effe52682222212d74913b497eecd506
40007,21,126,150,204,0x89a86be0effe52682222212d74913b497eecd506
40008,5,87,181,208,0x89a86be0effe52682222212d74913b497eecd506
40009,5,90,189,215,0x89a86be0effe52682222212d74913b497eecd506
40010,24,94,150,254,0x89a86be0effe52682222212d74913b497eecd506
40011,21,124,190,210,0x89a86be0effe52682222212d74913b497eecd506
40012,50,121,133,248,0x89a86be0effe52682222212d74913b497eecd506
40013,25,97,149,205,0x89a86be0effe52682222212d74913b497eecd506
40014,4,112,173,237,0x89a86be0effe52682222212d74913b497eecd506
40015,33,75,164,207,0x89a86be0effe52682222212d74913b497eecd506
40016,23,76,175,213,0x89a86be0effe52682222212d74913b497eecd506
40017,16,109,159,241,0x89a86be0effe52682222212d74913b497eecd506
40018,13,68,134,206,0x89a86be0effe52682222212d74913b497eecd506
40019,60,112,128,239,0x89a86be0effe52682222212d74913b497eecd506
40020,1,93,164,204,0x89a86be0effe52682222212d74913b497eecd506
40021,33,85,176,249,0x89a86be0effe52682222212d74913b497eecd506
40022,19,85,176,219,0x89a86be0effe52682222212d74913b497eecd506
40023,52,74,159,252,0x89a86be0effe52682222212d74913b497eecd506
40024,9,66,147,227,0x89a86be0effe52682222212d74913b497eecd506
40025,42,106,142,204,0x89a86be0effe52682222212d74913b497eecd506
40026,40,78,134,235,0x89a86be0effe52682222212d74913b497eecd506
40027,9,66,171,253,0x89a86be0effe52682222212d74913b497eecd506
40028,46,116,151,196,0x89a86be0effe52682222212d74913b497eecd506
40029,6,72,187,211,0x89a86be0effe52682222212d74913b497eecd506
40030,63,65,132,228,0x89a86be0effe52682222212d74913b497eecd506
40031,15,78,179,199,0x89a86be0effe52682222212d74913b497eecd506
40032,19,115,146,213,0x89a86be0effe52682222212d74913b497eecd506
40033,46,91,149,249,0x89a86be0effe52682222212d74913b497eecd506
40034,46,115,176,246,0x89a86be0effe52682222212d74913b497eecd506
40035,10,99,157,223,0x89a86be0effe52682222212d74913b497eecd506
40036,43,110,174,205,0x89a86be0effe52682222212d74913b497eecd506
40037,10,79,187,213,0x89a86be0effe52682222212d74913b497eecd506
40038,56,72,144,227,0x89a86be0effe52682222212d74913b497eecd506
40039,6,113,185,203,0x89a86be0effe52682222212d74913b497eecd506
40040,23,74,191,244,0x89a86be0effe52682222212d74913b497eecd506
40041,22,102,172,210,0x89a86be0effe52682222212d74913b497eecd506
40042,12,114,172,249,0x89a86be0effe52682222212d74913b497eecd506
40043,7,85,150,202,0x89a86be0effe52682222212d74913b497eecd506
40044,13,76,146,204,0x89a86be0effe52682222212d74913b497eecd506
40045,30,115,181,239,0x89a86be0effe52682222212d74913b497eecd506
40046,52,65,178,199,0x89a86be0effe52682222212d74913b497eecd506
40047,14,122,188,195,0x89a86be0effe52682222212d74913b497eecd506
40048,48,81,148,194,0x89a86be0effe52682222212d74913b497eecd506
40049,63,112,137,226,0x89a86be0effe52682222212d74913b497eecd506
40050,7,86,140,251,0x89a86be0effe52682222212d74913b497eecd506
40051,61,67,148,227,0x89a86be0effe52682222212d74913b497eecd506
40052,4,96,173,222,0x89a86be0effe52682222212d74913b497eecd506
40053,56,74,136,252,0x89a86be0effe52682222212d74913b497eecd506
40054,53,70,164,201,0x89a86be0effe52682222212d74913b497eecd506
40055,60,82,149,224,0x89a86be0effe52682222212d74913b497eecd506
40056,58,103,177,246,0x89a86be0effe52682222212d74913b497eecd506
40057,27,83,167,210,0x89a86be0effe52682222212d74913b497eecd506
40058,14,84,139,232,0x89a86be0effe52682222212d74913b497eecd506
40059,20,82,147,232,0x89a86be0effe52682222212d74913b497eecd506
40060,37,78,143,250,0x89a86be0effe52682222212d74913b497eecd506
40061,19,69,178,253,0x89a86be0effe52682222212d74913b497eecd506
40062,62,71,152,224,0x89a86be0effe52682222212d74913b497eecd506
40063,62,87,136,246,0x89a86be0effe52682222212d74913b497eecd506
40064,63,71,147,250,0x89a86be0effe52682222212d74913b497eecd506
40065,37,113,191,223,0x89a86be0effe52682222212d74913b497eecd506
40066,21,81,149,230,0x89a86be0effe52682222212d74913b497eecd506
40067,7,93,150,210,0x89a86be0effe52682222212d74913b497eecd506
40068,29,104,132,249,0x89a86be0effe52682222212d74913b497eecd506
40069,23,81,137,196,0x89a86be0effe52682222212d74913b497eecd506
40070,42,118,178,234,0x89a86be0effe52682222212d74913b497eecd506
40071,25,99,152,247,0x89a86be0effe52682222212d74913b497eecd506
40072,21,118,186,200,0x89a86be0effe52682222212d74913b497eecd506
40073,1,76,168,212,0x89a86be0effe52682222212d74913b497eecd506
40074,12,66,188,253,0x89a86be0effe52682222212d74913b497eecd506
40075,33,85,149,224,0x89a86be0effe52682222212d74913b497eecd506
40076,3,121,176,218,0x89a86be0effe52682222212d74913b497eecd506
40077,10,70,189,216,0x89a86be0effe52682222212d74913b497eecd506
40078,34,112,187,194,0x89a86be0effe52682222212d74913b497eecd506
40079,10,78,149,250,0x89a86be0effe52682222212d74913b497eecd506
40080,47,82,130,207,0x89a86be0effe52682222212d74913b497eecd506
40081,56,125,152,227,0x89a86be0effe52682222212d74913b497eecd506
40082,31,122,132,219,0x89a86be0effe52682222212d74913b497eecd506
40083,27,83,141,196,0x89a86be0effe52682222212d74913b497eecd506
40084,34,65,136,202,0x89a86be0effe52682222212d74913b497eecd506
40085,29,68,149,205,0x89a86be0effe52682222212d74913b497eecd506
40086,22,106,180,233,0x89a86be0effe52682222212d74913b497eecd506
40087,11,84,163,218,0x89a86be0effe52682222212d74913b497eecd506
40088,25,125,130,252,0x89a86be0effe52682222212d74913b497eecd506
40089,4,65,174,208,0x89a86be0effe52682222212d74913b497eecd506
40090,61,95,135,210,0x89a86be0effe52682222212d74913b497eecd506
40091,53,125,181,199,0x89a86be0effe52682222212d74913b497eecd506
40092,52,87,129,247,0x89a86be0effe52682222212d74913b497eecd506
40093,19,73,159,241,0x89a86be0effe52682222212d74913b497eecd506
40094,18,69,135,221,0x89a86be0effe52682222212d74913b497eecd506
40095,22,121,128,227,0x89a86be0effe52682222212d74913b497eecd506
40096,2,116,144,207,0x89a86be0effe52682222212d74913b497eecd506
40097,7,115,147,208,0x89a86be0effe52682222212d74913b497eecd506
40098,39,116,137,198,0x89a86be0effe52682222212d74913b497eecd506
40099,63,84,186,246,0x89a86be0effe52682222212d74913b497eecd506
40100,63,66,128,212,0x80132ab8b0757b1bc119f815db6ad88bdeec26dd
40101,26,77,141,208,0x80132ab8b0757b1bc119f815db6ad88bdeec26dd
40102,2,88,142,249,0x80132ab8b0757b1bc119f815db6ad88bdeec26dd
40103,14,64,144,201,0x80132ab8b0757b1bc119f815db6ad88bdeec26dd
40104,31,84,142,223,0x80132ab8b0757b1bc119f815db6ad88bdeec26dd
40105,40,95,181,234,0x80132ab8b0757b1bc119f815db6ad88bdeec26dd
40106,16,83,137,253,0x80132ab8b0757b1bc119f815db6ad88bdeec26dd
40107,16,107,153,193,0x80132ab8b0757b1bc119f815db6ad88bdeec26dd
40108,28,71,146,254,0x80132ab8b0757b1bc119f815db6ad88bdeec26dd
40109,5,126,190,224,0x80132ab8b0757b1bc119f815db6ad88bdeec26dd
40110,63,74,143,240,0x80132ab8b0757b1bc119f815db6ad88bdeec26dd
40111,4,68,133,201,0x80132ab8b0757b1bc119f815db6ad88bdeec26dd
40112,5,73,166,214,0x80132ab8b0757b1bc119f815db6ad88bdeec26dd
40113,6,79,136,194,0x80132ab8b0757b1bc119f815db6ad88bdeec26dd
40114,44,83,178,227,0x80132ab8b0757b1bc119f815db6ad88bdeec26dd
40115,5,81,174,205,0x80132ab8b0757b1bc119f815db6ad88bdeec26dd
40116,49,101,189,226,0x80132ab8b0757b1bc119f815db6ad88bdeec26dd
40117,33,119,177,193,0x80132ab8b0757b1bc119f815db6ad88bdeec26dd
40118,17,82,147,211,0x80132ab8b0757b1bc119f815db6ad88bdeec26dd
40119,1,120,136,228,0x80132ab8b0757b1bc119f815db6ad88bdeec26dd
40120,43,113,177,224,0x80132ab8b0757b1bc119f815db6ad88bdeec26dd
40121,44,118,130,240,0x80132ab8b0757b1bc119f815db6ad88bdeec26dd
40122,4,97,150,202,0x80132ab8b0757b1bc119f815db6ad88bdeec26dd
40123,56,126,148,227,0x80132ab8b0757b1bc119f815db6ad88bdeec26dd
40124,2,87,142,198,0x80132ab8b0757b1bc119f815db6ad88bdeec26dd
40125,11,99,164,233,0x80132ab8b0757b1bc119f815db6ad88bdeec26dd
40126,22,116,143,225,0x80132ab8b0757b1bc119f815db6ad88bdeec26dd
40127,14,117,167,192,0x80132ab8b0757b1bc119f815db6ad88bdeec26dd
40128,58,71,147,213,0x80132ab8b0757b1bc119f815db6ad88bdeec26dd
40129,45,74,150,206,0x80132ab8b0757b1bc119f815db6ad88bdeec26dd
40130,14,74,190,213,0x80132ab8b0757b1bc119f815db6ad88bdeec26dd
40131,29,82,150,231,0x80132ab8b0757b1bc119f815db6ad88bdeec26dd
40132,35,65,137,213,0x80132ab8b0757b1bc119f815db6ad88bdeec26dd
40133,20,81,164,207,0x80132ab8b0757b1bc119f815db6ad88bdeec26dd
40134,27,95,131,208,0x80132ab8b0757b1bc119f815db6ad88bdeec26dd
40135,2,82,140,202,0x80132ab8b0757b1bc119f815db6ad88bdeec26dd
40136,7,96,143,218,0x80132ab8b0757b1bc119f815db6ad88bdeec26dd
40137,56,65,187,233,0x80132ab8b0757b1bc119f815db6ad88bdeec26dd
40138,61,94,136,212,0x80132ab8b0757b1bc119f815db6ad88bdeec26dd
40139,61,111,150,239,0x80132ab8b0757b1bc119f815db6ad88bdeec26dd
40140,25,86,138,227,0x80132ab8b0757b1bc119f815db6ad88bdeec26dd
40141,10,101,167,242,0x80132ab8b0757b1bc119f815db6ad88bdeec26dd
40142,41,120,177,212,0x80132ab8b0757b1bc119f815db6ad88bdeec26dd
40143,44,96,178,197,0x80132ab8b0757b1bc119f815db6ad88bdeec26dd
40144,29,91,167,223,0x80132ab8b0757b1bc119f815db6ad88bdeec26dd
40145,4,98,188,247,0x80132ab8b0757b1bc119f815db6ad88bdeec26dd
40146,47,114,159,253,0x80132ab8b0757b1bc119f815db6ad88bdeec26dd
40147,55,112,156,203,0x80132ab8b0757b1bc119f815db6ad88bdeec26dd
40148,26,126,163,213,0x80132ab8b0757b1bc119f815db6ad88bdeec26dd
40149,49,74,148,212,0x80132ab8b0757b1bc119f815db6ad88bdeec26dd
40150,17,123,175,195,0x80132ab8b0757b1bc119f815db6ad88bdeec26dd
40151,45,98,128,230,0x80132ab8b0757b1bc119f815db6ad88bdeec26dd
40152,21,67,176,235,0x80132ab8b0757b1bc119f815db6ad88bdeec26dd
40153,41,126,174,224,0x80132ab8b0757b1bc119f815db6ad88bdeec26dd
40154,27,111,141,192,0x80132ab8b0757b1bc119f815db6ad88bdeec26dd
40155,55,112,182,214,0x80132ab8b0757b1bc119f815db6ad88bdeec26dd
40156,20,71,157,234,0x80132ab8b0757b1bc119f815db6ad88bdeec26dd
40157,10,104,184,201,0x80132ab8b0757b1bc119f815db6ad88bdeec26dd
40158,42,71,142,233,0x80132ab8b0757b1bc119f815db6ad88bdeec26dd
40159,17,89,139,209,0x80132ab8b0757b1bc119f815db6ad88bdeec26dd
40160,50,120,159,196,0x80132ab8b0757b1bc119f815db6ad88bdeec26dd
40161,58,107,132,238,0x80132ab8b0757b1bc119f815db6ad88bdeec26dd
40162,57,99,175,205,0x80132ab8b0757b1bc119f815db6ad88bdeec26dd
40163,27,127,138,194,0x80132ab8b0757b1bc119f815db6ad88bdeec26dd
40164,19,71,180,242,0x80132ab8b0757b1bc119f815db6ad88bdeec26dd
40165,62,74,131,232,0x80132ab8b0757b1bc119f815db6ad88bdeec26dd
40166,62,100,180,241,0x80132ab8b0757b1bc119f815db6ad88bdeec26dd
40167,9,119,168,227,0x80132ab8b0757b1bc119f815db6ad88bdeec26dd
40168,12,76,176,213,0x80132ab8b0757b1bc119f815db6ad88bdeec26dd
40169,0,117,184,253,0x80132ab8b0757b1bc119f815db6ad88bdeec26dd
40170,18,105,183,214,0x80132ab8b0757b1bc119f815db6ad88bdeec26dd
40171,50,124,150,210,0x80132ab8b0757b1bc119f815db6ad88bdeec26dd
40172,36,75,139,219,0x80132ab8b0757b1bc119f815db6ad88bdeec26dd
40173,52,82,138,222,0x80132ab8b0757b1bc119f815db6ad88bdeec26dd
40174,47,112,151,238,0x80132ab8b0757b1bc119f815db6ad88bdeec26dd
40175,12,68,188,195,0x80132ab8b0757b1bc119f815db6ad88bdeec26dd
40176,24,69,191,214,0x80132ab8b0757b1bc119f815db6ad88bdeec26dd
40177,0,125,139,204,0x80132ab8b0757b1bc119f815db6ad88bdeec26dd
40178,13,67,171,209,0x80132ab8b0757b1bc119f815db6ad88bdeec26dd
40179,0,72,139,213,0x80132ab8b0757b1bc119f815db6ad88bdeec26dd
40180,49,67,149,204,0x80132ab8b0757b1bc119f815db6ad88bdeec26dd
40181,44,64,185,192,0x80132ab8b0757b1bc119f815db6ad88bdeec26dd
40182,1,85,136,225,0x80132ab8b0757b1bc119f815db6ad88bdeec26dd
40183,39,104,188,213,0x80132ab8b0757b1bc119f815db6ad88bdeec26dd
40184,1,90,128,211,0x80132ab8b0757b1bc119f815db6ad88bdeec26dd
40185,10,120,177,232,0x80132ab8b0757b1bc119f815db6ad88bdeec26dd
40186,3,74,170,254,0x80132ab8b0757b1bc119f815db6ad88bdeec26dd
40187,40,99,130,254,0x80132ab8b0757b1bc119f815db6ad88bdeec26dd
40188,17,127,172,229,0x80132ab8b0757b1bc119f815db6ad88bdeec26dd
40189,19,81,180,212,0x80132ab8b0757b1bc119f815db6ad88bdeec26dd
40190,49,66,138,208,0x80132ab8b0757b1bc119f815db6ad88bdeec26dd
40191,19,124,185,213,0x80132ab8b0757b1bc119f815db6ad88bdeec26dd
40192,11,107,180,220,0x80132ab8b0757b1bc119f815db6ad88bdeec26dd
40193,17,106,151,193,0x80132ab8b0757b1bc119f815db6ad88bdeec26dd
40194,48,85,128,195,0x80132ab8b0757b1bc119f815db6ad88bdeec26dd
40195,63,98,157,204,0x80132ab8b0757b1bc119f815db6ad88bdeec26dd
40196,8,126,176,232,0x80132ab8b0757b1bc119f815db6ad88bdeec26dd
40197,57,80,136,230,0x80132ab8b0757b1bc119f815db6ad88bdeec26dd
40198,1,72,147,240,0x80132ab8b0757b1bc119f815db6ad88bdeec26dd
40199,14,119,186,210,0x80132ab8b0757b1bc119f815db6ad88bdeec26dd
40200,50,71,173,250,0x8c6de94ffec33ee24097632b033698cbb8b7f741
40201,8,96,156,203,0x8c6de94ffec33ee24097632b033698cbb8b7f741
40202,18,82,135,206,0x8c6de94ffec33ee24097632b033698cbb8b7f741
40203,51,86,184,218,0x8c6de94ffec33ee24097632b033698cbb8b7f741
40204,13,82,170,236,0x8c6de94ffec33ee24097632b033698cbb8b7f741
40205,24,79,153,212,0x8c6de94ffec33ee24097632b033698cbb8b7f741
40206,20,87,162,251,0x8c6de94ffec33ee24097632b033698cbb8b7f741
40207,54,115,149,208,0x8c6de94ffec33ee24097632b033698cbb8b7f741
40208,4,122,151,248,0x8c6de94ffec33ee24097632b033698cbb8b7f741
40209,36,83,147,201,0x8c6de94ffec33ee24097632b033698cbb8b7f741
40210,15,87,191,229,0x8c6de94ffec33ee24097632b033698cbb8b7f741
40211,61,94,160,224,0x8c6de94ffec33ee24097632b033698cbb8b7f741
40212,54,121,150,252,0x8c6de94ffec33ee24097632b033698cbb8b7f741
40213,35,92,164,253,0x8c6de94ffec33ee24097632b033698cbb8b7f741
40214,37,84,135,243,0x8c6de94ffec33ee24097632b033698cbb8b7f741
40215,43,69,155,204,0x8c6de94ffec33ee24097632b033698cbb8b7f741
40216,36,124,188,212,0x8c6de94ffec33ee24097632b033698cbb8b7f741
40217,57,68,160,249,0x8c6de94ffec33ee24097632b033698cbb8b7f741
40218,51,86,153,212,0x8c6de94ffec33ee24097632b033698cbb8b7f741
40219,45,117,159,224,0x8c6de94ffec33ee24097632b033698cbb8b7f741
40220,4,126,152,195,0x8c6de94ffec33ee24097632b033698cbb8b7f741
40221,10,111,131,225,0x8c6de94ffec33ee24097632b033698cbb8b7f741
40222,12,86,186,250,0x8c6de94ffec33ee24097632b033698cbb8b7f741
40223,49,71,150,253,0x8c6de94ffec33ee24097632b033698cbb8b7f741
40224,59,75,129,198,0x8c6de94ffec33ee24097632b033698cbb8b7f741
40225,21,75,164,233,0x8c6de94ffec33ee24097632b033698cbb8b7f741
40226,51,116,133,196,0x8c6de94ffec33ee24097632b033698cbb8b7f741
40227,14,99,149,229,0x8c6de94ffec33ee24097632b033698cbb8b7f741
40228,21,81,179,247,0x8c6de94ffec33ee24097632b033698cbb8b7f741
40229,15,82,187,232,0x8c6de94ffec33ee24097632b033698cbb8b7f741
40230,9,74,174,232,0x8c6de94ffec33ee24097632b033698cbb8b7f741
40231,26,96,148,200,0x8c6de94ffec33ee24097632b033698cbb8b7f741
40232,21,69,154,231,0x8c6de94ffec33ee24097632b033698cbb8b7f741
40233,8,113,162,238,0x8c6de94ffec33ee24097632b033698cbb8b7f741
40234,0,88,185,206,0x8c6de94ffec33ee24097632b033698cbb8b7f741
40235,6,70,190,249,0x8c6de94ffec33ee24097632b033698cbb8b7f741
40236,10,86,163,241,0x8c6de94ffec33ee24097632b033698cbb8b7f741
40237,24,85,148,199,0x8c6de94ffec33ee24097632b033698cbb8b7f741
40238,52,73,169,232,0x8c6de94ffec33ee24097632b033698cbb8b7f741
40239,54,74,151,211,0x8c6de94ffec33ee24097632b033698cbb8b7f741
40240,38,85,150,234,0x8c6de94ffec33ee24097632b033698cbb8b7f741
40241,18,108,186,202,0x8c6de94ffec33ee24097632b033698cbb8b7f741
40242,45,126,149,201,0x8c6de94ffec33ee24097632b033698cbb8b7f741
40243,46,76,168,245,0x8c6de94ffec33ee24097632b033698cbb8b7f741
40244,20,75,149,241,0x8c6de94ffec33ee24097632b033698cbb8b7f741
40245,19,102,171,224,0x8c6de94ffec33ee24097632b033698cbb8b7f741
40246,34,97,148,213,0x8c6de94ffec33ee24097632b033698cbb8b7f741
40247,19,67,155,203,0x8c6de94ffec33ee24097632b033698cbb8b7f741
40248,55,127,137,252,0x8c6de94ffec33ee24097632b033698cbb8b7f741
40249,32,89,155,208,0x8c6de94ffec33ee24097632b033698cbb8b7f741
40250,24,124,163,237,0x8c6de94ffec33ee24097632b033698cbb8b7f741
40251,63,92,185,242,0x8c6de94ffec33ee24097632b033698cbb8b7f741
40252,46,119,170,226,0x8c6de94ffec33ee24097632b033698cbb8b7f741
40253,45,71,137,243,0x8c6de94ffec33ee24097632b033698cbb8b7f741
40254,54,83,154,199,0x8c6de94ffec33ee24097632b033698cbb8b7f741
40255,12,72,157,228,0x8c6de94ffec33ee24097632b033698cbb8b7f741
40256,58,109,166,211,0x8c6de94ffec33ee24097632b033698cbb8b7f741
40257,11,90,155,242,0x8c6de94ffec33ee24097632b033698cbb8b7f741
40258,55,122,148,214,0x8c6de94ffec33ee24097632b033698cbb8b7f741
40259,53,126,131,195,0x8c6de94ffec33ee24097632b033698cbb8b7f741
40260,21,81,152,208,0x8c6de94ffec33ee24097632b033698cbb8b7f741
40261,29,68,151,247,0x8c6de94ffec33ee24097632b033698cbb8b7f741
40262,29,75,134,198,0x8c6de94ffec33ee24097632b033698cbb8b7f741
40263,42,86,147,205,0x8c6de94ffec33ee24097632b033698cbb8b7f741
40264,60,114,179,250,0x8c6de94ffec33ee24097632b033698cbb8b7f741
40265,39,75,159,252,0x8c6de94ffec33ee24097632b033698cbb8b7f741
40266,7,73,163,205,0x8c6de94ffec33ee24097632b033698cbb8b7f741
40267,15,77,145,255,0x8c6de94ffec33ee24097632b033698cbb8b7f741
40268,9,115,173,239,0x8c6de94ffec33ee24097632b033698cbb8b7f741
40269,2,105,151,241,0x8c6de94ffec33ee24097632b033698cbb8b7f741
40270,29,91,135,202,0x8c6de94ffec33ee24097632b033698cbb8b7f741
40271,7,90,134,202,0x8c6de94ffec33ee24097632b033698cbb8b7f741
40272,50,79,144,245,0x8c6de94ffec33ee24097632b033698cbb8b7f741
40273,20,81,172,223,0x8c6de94ffec33ee24097632b033698cbb8b7f741
40274,9,127,132,228,0x8c6de94ffec33ee24097632b033698cbb8b7f741
40275,33,91,174,213,0x8c6de94ffec33ee24097632b033698cbb8b7f741
40276,56,95,182,247,0x8c6de94ffec33ee24097632b033698cbb8b7f741
40277,28,86,186,231,0x8c6de94ffec33ee24097632b033698cbb8b7f741
40278,54,119,163,200,0x8c6de94ffec33ee24097632b033698cbb8b7f741
40279,4,103,153,222,0x8c6de94ffec33ee24097632b033698cbb8b7f741
40280,1,72,136,205,0x8c6de94ffec33ee24097632b033698cbb8b7f741
40281,38,106,153,226,0x8c6de94ffec33ee24097632b033698cbb8b7f741
40282,50,106,137,224,0x8c6de94ffec33ee24097632b033698cbb8b7f741
40283,8,67,189,242,0x8c6de94ffec33ee24097632b033698cbb8b7f741
40284,43,73,161,249,0x8c6de94ffec33ee24097632b033698cbb8b7f741
40285,18,123,191,208,0x8c6de94ffec33ee24097632b033698cbb8b7f741
40286,20,86,151,201,0x8c6de94ffec33ee24097632b033698cbb8b7f741
40287,31,97,128,198,0x8c6de94ffec33ee24097632b033698cbb8b7f741
40288,2,125,134,193,0x8c6de94ffec33ee24097632b033698cbb8b7f741
40289,15,69,182,245,0x8c6de94ffec33ee24097632b033698cbb8b7f741
40290,19,108,166,252,0x8c6de94ffec33ee24097632b033698cbb8b7f741
40291,2,88,152,194,0x8c6de94ffec33ee24097632b033698cbb8b7f741
40292,19,85,185,251,0x8c6de94ffec33ee24097632b033698cbb8b7f741
40293,7,103,171,199,0x8c6de94ffec33ee24097632b033698cbb8b7f741
40294,2,72,149,203,0x8c6de94ffec33ee24097632b033698cbb8b7f741
40295,42,125,170,208,0x8c6de94ffec33ee24097632b033698cbb8b7f741
40296,1,84,186,195,0x8c6de94ffec33ee24097632b033698cbb8b7f741
40297,1,79,144,227,0x8c6de94ffec33ee24097632b033698cbb8b7f741
40298,40,71,160,242,0x8c6de94ffec33ee24097632b033698cbb8b7f741
40299,20,99,156,237,0x8c6de94ffec33ee24097632b033698cbb8b7f741
40300,30,123,142,209,0x0fef8389161b0f7c43866d03d934b40cf6b745eb
40301,19,127,156,194,0x0fef8389161b0f7c43866d03d934b40cf6b745eb
40302,48,74,132,194,0x0fef8389161b0f7c43866d03d934b40cf6b745eb
40303,36,117,156,246,0x0fef8389161b0f7c43866d03d934b40cf6b745eb
40304,3,79,140,207,0x0fef8389161b0f7c43866d03d934b40cf6b745eb
40305,57,116,159,210,0x0fef8389161b0f7c43866d03d934b40cf6b745eb
40306,53,72,178,236,0x0fef8389161b0f7c43866d03d934b40cf6b745eb
40307,60,112,151,204,0x0fef8389161b0f7c43866d03d934b40cf6b745eb
40308,7,66,179,245,0x0fef8389161b0f7c43866d03d934b40cf6b745eb
40309,11,127,141,251,0x0fef8389161b0f7c43866d03d934b40cf6b745eb
40310,42,78,169,224,0x0fef8389161b0f7c43866d03d934b40cf6b745eb
40311,2,79,132,206,0x0fef8389161b0f7c43866d03d934b40cf6b745eb
40312,15,80,128,254,0x0fef8389161b0f7c43866d03d934b40cf6b745eb
40313,21,74,138,220,0x0fef8389161b0f7c43866d03d934b40cf6b745eb
40314,39,95,180,202,0x0fef8389161b0f7c43866d03d934b40cf6b745eb
40315,20,107,155,195,0x0fef8389161b0f7c43866d03d934b40cf6b745eb
40316,23,76,150,194,0x0fef8389161b0f7c43866d03d934b40cf6b745eb
40317,49,68,191,198,0x0fef8389161b0f7c43866d03d934b40cf6b745eb
40318,33,80,189,254,0x0fef8389161b0f7c43866d03d934b40cf6b745eb
40319,60,85,128,205,0x0fef8389161b0f7c43866d03d934b40cf6b745eb
40320,24,67,146,224,0x0fef8389161b0f7c43866d03d934b40cf6b745eb
40321,52,64,188,209,0x0fef8389161b0f7c43866d03d934b40cf6b745eb
40322,62,85,189,220,0x0fef8389161b0f7c43866d03d934b40cf6b745eb
40323,17,73,174,214,0x0fef8389161b0f7c43866d03d934b40cf6b745eb
40324,41,73,168,211,0x0fef8389161b0f7c43866d03d934b40cf6b745eb
40325,30,103,140,231,0x0fef8389161b0f7c43866d03d934b40cf6b745eb
40326,14,126,148,220,0x0fef8389161b0f7c43866d03d934b40cf6b745eb
40327,22,71,182,231,0x0fef8389161b0f7c43866d03d934b40cf6b745eb
40328,43,111,150,197,0x0fef8389161b0f7c43866d03d934b40cf6b745eb
40329,22,73,188,240,0x0fef8389161b0f7c43866d03d934b40cf6b745eb
40330,8,85,138,208,0x0fef8389161b0f7c43866d03d934b40cf6b745eb
40331,15,90,128,239,0x0fef8389161b0f7c43866d03d934b40cf6b745eb
40332,33,65,161,200,0x0fef8389161b0f7c43866d03d934b40cf6b745eb
40333,11,95,156,236,0x0fef8389161b0f7c43866d03d934b40cf6b745eb
40334,29,115,137,208,0x0fef8389161b0f7c43866d03d934b40cf6b745eb
40335,35,111,148,215,0x0fef8389161b0f7c43866d03d934b40cf6b745eb
40336,22,96,181,250,0x0fef8389161b0f7c43866d03d934b40cf6b745eb
40337,38,87,140,221,0x0fef8389161b0f7c43866d03d934b40cf6b745eb
40338,11,100,146,210,0x0fef8389161b0f7c43866d03d934b40cf6b745eb
40339,15,71,157,209,0x0fef8389161b0f7c43866d03d934b40cf6b745eb
40340,35,103,151,200,0x0fef8389161b0f7c43866d03d934b40cf6b745eb
40341,57,72,170,210,0x0fef8389161b0f7c43866d03d934b40cf6b745eb
40342,38,66,174,215,0x0fef8389161b0f7c43866d03d934b40cf6b745eb
40343,41,117,180,243,0x0fef8389161b0f7c43866d03d934b40cf6b745eb
40344,13,79,145,243,0x0fef8389161b0f7c43866d03d934b40cf6b745eb
40345,13,104,146,205,0x0fef8389161b0f7c43866d03d934b40cf6b745eb
40346,35,106,151,242,0x0fef8389161b0f7c43866d03d934b40cf6b745eb
40347,52,70,139,202,0x0fef8389161b0f7c43866d03d934b40cf6b745eb
40348,11,67,180,249,0x0fef8389161b0f7c43866d03d934b40cf6b745eb
40349,21,125,151,202,0x0fef8389161b0f7c43866d03d934b40cf6b745eb
40350,54,64,164,205,0x0fef8389161b0f7c43866d03d934b40cf6b745eb
40351,49,86,177,204,0x0fef8389161b0f7c43866d03d934b40cf6b745eb
40352,22,104,167,202,0x0fef8389161b0f7c43866d03d934b40cf6b745eb
40353,36,68,151,225,0x0fef8389161b0f7c43866d03d934b40cf6b745eb
40354,36,127,136,239,0x0fef8389161b0f7c43866d03d934b40cf6b745eb
40355,44,78,159,205,0x0fef8389161b0f7c43866d03d934b40cf6b745eb
40356,53,65,163,241,0x0fef8389161b0f7c43866d03d934b40cf6b745eb
40357,8,84,155,238,0x0fef8389161b0f7c43866d03d934b40cf6b745eb
40358,55,106,132,206,0x0fef8389161b0f7c43866d03d934b40cf6b745eb
40359,7,124,158,208,0x0fef8389161b0f7c43866d03d934b40cf6b745eb
40360,0,121,182,255,0x0fef8389161b0f7c43866d03d934b40cf6b745eb
40361,16,81,145,206,0x0fef8389161b0f7c43866d03d934b40cf6b745eb
40362,52,88,146,215,0x0fef8389161b0f7c43866d03d934b40cf6b745eb
40363,62,86,146,231,0x0fef8389161b0f7c43866d03d934b40cf6b745eb
40364,37,119,139,251,0x0fef8389161b0f7c43866d03d934b40cf6b745eb
40365,4,97,189,248,0x0fef8389161b0f7c43866d03d934b40cf6b745eb
40366,4,96,186,247,0x0fef8389161b0f7c43866d03d934b40cf6b745eb
40367,18,94,136,216,0x0fef8389161b0f7c43866d03d934b40cf6b745eb
40368,51,64,128,204,0x0fef8389161b0f7c43866d03d934b40cf6b745eb
40369,3,120,175,253,0x0fef8389161b0f7c43866d03d934b40cf6b745eb
40370,25,80,130,224,0x0fef8389161b0f7c43866d03d934b40cf6b745eb
40371,56,121,133,210,0x0fef8389161b0f7c43866d03d934b40cf6b745eb
40372,59,74,130,255,0x0fef8389161b0f7c43866d03d934b40cf6b745eb
40373,36,99,143,221,0x0fef8389161b0f7c43866d03d934b40cf6b745eb
40374,50,109,179,197,0x0fef8389161b0f7c43866d03d934b40cf6b745eb
40375,8,103,136,210,0x0fef8389161b0f7c43866d03d934b40cf6b745eb
40376,59,67,149,221,0x0fef8389161b0f7c43866d03d934b40cf6b745eb
40377,25,69,141,210,0x0fef8389161b0f7c43866d03d934b40cf6b745eb
40378,53,75,150,253,0x0fef8389161b0f7c43866d03d934b40cf6b745eb
40379,50,66,150,206,0x0fef8389161b0f7c43866d03d934b40cf6b745eb
40380,32,74,165,194,0x0fef8389161b0f7c43866d03d934b40cf6b745eb
40381,56,79,176,222,0x0fef8389161b0f7c43866d03d934b40cf6b745eb
40382,10,120,173,255,0x0fef8389161b0f7c43866d03d934b40cf6b745eb
40383,9,94,163,235,0x0fef8389161b0f7c43866d03d934b40cf6b745eb
40384,17,79,190,198,0x0fef8389161b0f7c43866d03d934b40cf6b745eb
40385,21,101,138,192,0x0fef8389161b0f7c43866d03d934b40cf6b745eb
40386,57,105,175,213,0x0fef8389161b0f7c43866d03d934b40cf6b745eb
40387,12,68,139,196,0x0fef8389161b0f7c43866d03d934b40cf6b745eb
40388,26,65,180,202,0x0fef8389161b0f7c43866d03d934b40cf6b745eb
40389,45,75,138,205,0x0fef8389161b0f7c43866d03d934b40cf6b745eb
40390,51,65,149,212,0x0fef8389161b0f7c43866d03d934b40cf6b745eb
40391,1,126,154,205,0x0fef8389161b0f7c43866d03d934b40cf6b745eb
40392,48,71,149,237,0x0fef8389161b0f7c43866d03d934b40cf6b745eb
40393,29,124,168,252,0x0fef8389161b0f7c43866d03d934b40cf6b745eb
40394,1,84,134,213,0x0fef8389161b0f7c43866d03d934b40cf6b745eb
40395,19,66,134,221,0x0fef8389161b0f7c43866d03d934b40cf6b745eb
40396,54,96,141,252,0x0fef8389161b0f7c43866d03d934b40cf6b745eb
40397,53,90,141,250,0x0fef8389161b0f7c43866d03d934b40cf6b745eb
40398,16,75,176,250,0x0fef8389161b0f7c43866d03d934b40cf6b745eb
40399,10,66,138,233,0x0fef8389161b0f7c43866d03d934b40cf6b745eb
40400,45,64,182,194,0x9d9540ac1516012518d2e9ae99132b490bacc9af
40401,16,95,146,238,0x9d9540ac1516012518d2e9ae99132b490bacc9af
40402,7,74,181,253,0x9d9540ac1516012518d2e9ae99132b490bacc9af
40403,58,101,134,196,0x9d9540ac1516012518d2e9ae99132b490bacc9af
40404,4,72,168,214,0x9d9540ac1516012518d2e9ae99132b490bacc9af
40405,35,69,165,231,0x9d9540ac1516012518d2e9ae99132b490bacc9af
40406,5,106,130,205,0x9d9540ac1516012518d2e9ae99132b490bacc9af
40407,3,74,170,217,0x9d9540ac1516012518d2e9ae99132b490bacc9af
40408,12,125,139,194,0x9d9540ac1516012518d2e9ae99132b490bacc9af
40409,1,110,176,219,0x9d9540ac1516012518d2e9ae99132b490bacc9af
40410,7,71,172,232,0x9d9540ac1516012518d2e9ae99132b490bacc9af
40411,7,70,144,194,0x9d9540ac1516012518d2e9ae99132b490bacc9af
40412,13,92,133,211,0x9d9540ac1516012518d2e9ae99132b490bacc9af
40413,56,67,174,213,0x9d9540ac1516012518d2e9ae99132b490bacc9af
40414,32,69,178,243,0x9d9540ac1516012518d2e9ae99132b490bacc9af
40415,56,72,164,220,0x9d9540ac1516012518d2e9ae99132b490bacc9af
40416,27,76,145,230,0x9d9540ac1516012518d2e9ae99132b490bacc9af
40417,60,81,176,199,0x9d9540ac1516012518d2e9ae99132b490bacc9af
40418,14,127,137,206,0x9d9540ac1516012518d2e9ae99132b490bacc9af
40419,53,93,188,198,0x9d9540ac1516012518d2e9ae99132b490bacc9af
40420,7,73,181,206,0x9d9540ac1516012518d2e9ae99132b490bacc9af
40421,39,125,146,250,0x9d9540ac1516012518d2e9ae99132b490bacc9af
40422,13,81,167,224,0x9d9540ac1516012518d2e9ae99132b490bacc9af
40423,43,105,182,195,0x9d9540ac1516012518d2e9ae99132b490bacc9af
40424,32,119,147,254,0x9d9540ac1516012518d2e9ae99132b490bacc9af
40425,55,64,187,192,0x9d9540ac1516012518d2e9ae99132b490bacc9af
40426,63,104,147,246,0x9d9540ac1516012518d2e9ae99132b490bacc9af
40427,25,81,129,208,0x9d9540ac1516012518d2e9ae99132b490bacc9af
40428,46,78,135,197,0x9d9540ac1516012518d2e9ae99132b490bacc9af
40429,39,127,176,221,0x9d9540ac1516012518d2e9ae99132b490bacc9af
40430,14,108,136,228,0x9d9540ac1516012518d2e9ae99132b490bacc9af
40431,15,81,141,202,0x9d9540ac1516012518d2e9ae99132b490bacc9af
40432,5,126,166,195,0x9d9540ac1516012518d2e9ae99132b490bacc9af
40433,22,77,146,202,0x9d9540ac1516012518d2e9ae99132b490bacc9af
40434,52,105,147,227,0x9d9540ac1516012518d2e9ae99132b490bacc9af
40435,19,73,129,205,0x9d9540ac1516012518d2e9ae99132b490bacc9af
40436,10,85,180,206,0x9d9540ac1516012518d2e9ae99132b490bacc9af
40437,6,102,178,254,0x9d9540ac1516012518d2e9ae99132b490bacc9af
40438,23,67,136,212,0x9d9540ac1516012518d2e9ae99132b490bacc9af
40439,2,120,188,237,0x9d9540ac1516012518d2e9ae99132b490bacc9af
40440,32,71,181,215,0x9d9540ac1516012518d2e9ae99132b490bacc9af
40441,12,80,138,242,0x9d9540ac1516012518d2e9ae99132b490bacc9af
40442,18,89,170,196,0x9d9540ac1516012518d2e9ae99132b490bacc9af
40443,33,67,168,196,0x9d9540ac1516012518d2e9ae99132b490bacc9af
40444,19,94,155,205,0x9d9540ac1516012518d2e9ae99132b490bacc9af
40445,53,71,182,222,0x9d9540ac1516012518d2e9ae99132b490bacc9af
40446,54,66,152,245,0x9d9540ac1516012518d2e9ae99132b490bacc9af
40447,63,66,131,255,0x9d9540ac1516012518d2e9ae99132b490bacc9af
40448,44,127,136,199,0x9d9540ac1516012518d2e9ae99132b490bacc9af
40449,21,80,182,205,0x9d9540ac1516012518d2e9ae99132b490bacc9af
40450,7,93,191,237,0x9d9540ac1516012518d2e9ae99132b490bacc9af
40451,53,95,136,247,0x9d9540ac1516012518d2e9ae99132b490bacc9af
40452,11,88,141,226,0x9d9540ac1516012518d2e9ae99132b490bacc9af
40453,21,75,154,206,0x9d9540ac1516012518d2e9ae99132b490bacc9af
40454,52,123,167,241,0x9d9540ac1516012518d2e9ae99132b490bacc9af
40455,14,76,173,222,0x9d9540ac1516012518d2e9ae99132b490bacc9af
40456,58,115,157,195,0x9d9540ac1516012518d2e9ae99132b490bacc9af
40457,33,76,131,231,0x9d9540ac1516012518d2e9ae99132b490bacc9af
40458,13,78,145,220,0x9d9540ac1516012518d2e9ae99132b490bacc9af
40459,56,89,134,248,0x9d9540ac1516012518d2e9ae99132b490bacc9af
40460,4,117,135,208,0x9d9540ac1516012518d2e9ae99132b490bacc9af
40461,12,69,158,215,0x9d9540ac1516012518d2e9ae99132b490bacc9af
40462,20,89,169,242,0x9d9540ac1516012518d2e9ae99132b490bacc9af
40463,30,78,129,226,0x9d9540ac1516012518d2e9ae99132b490bacc9af
40464,54,106,140,217,0x9d9540ac1516012518d2e9ae99132b490bacc9af
40465,41,89,184,206,0x9d9540ac1516012518d2e9ae99132b490bacc9af
40466,22,90,144,253,0x9d9540ac1516012518d2e9ae99132b490bacc9af
40467,23,71,159,200,0x9d9540ac1516012518d2e9ae99132b490bacc9af
40468,28,82,147,232,0x9d9540ac1516012518d2e9ae99132b490bacc9af
40469,7,108,185,217,0x9d9540ac1516012518d2e9ae99132b490bacc9af
40470,24,112,128,253,0x9d9540ac1516012518d2e9ae99132b490bacc9af
40471,5,119,163,207,0x9d9540ac1516012518d2e9ae99132b490bacc9af
40472,2,114,171,227,0x9d9540ac1516012518d2e9ae99132b490bacc9af
40473,13,105,184,213,0x9d9540ac1516012518d2e9ae99132b490bacc9af
40474,41,67,137,209,0x9d9540ac1516012518d2e9ae99132b490bacc9af
40475,61,66,147,221,0x9d9540ac1516012518d2e9ae99132b490bacc9af
40476,55,90,159,192,0x9d9540ac1516012518d2e9ae99132b490bacc9af
40477,54,78,147,249,0x9d9540ac1516012518d2e9ae99132b490bacc9af
40478,50,91,184,253,0x9d9540ac1516012518d2e9ae99132b490bacc9af
40479,54,85,179,212,0x9d9540ac1516012518d2e9ae99132b490bacc9af
40480,59,70,184,248,0x9d9540ac1516012518d2e9ae99132b490bacc9af
40481,50,87,150,218,0x9d9540ac1516012518d2e9ae99132b490bacc9af
40482,7,74,153,221,0x9d9540ac1516012518d2e9ae99132b490bacc9af
40483,31,85,173,249,0x9d9540ac1516012518d2e9ae99132b490bacc9af
40484,4,112,133,198,0x9d9540ac1516012518d2e9ae99132b490bacc9af
40485,26,119,168,192,0x9d9540ac1516012518d2e9ae99132b490bacc9af
40486,53,68,138,226,0x9d9540ac1516012518d2e9ae99132b490bacc9af
40487,25,81,158,197,0x9d9540ac1516012518d2e9ae99132b490bacc9af
40488,60,64,145,242,0x9d9540ac1516012518d2e9ae99132b490bacc9af
40489,7,70,172,225,0x9d9540ac1516012518d2e9ae99132b490bacc9af
40490,22,117,174,198,0x9d9540ac1516012518d2e9ae99132b490bacc9af
40491,59,114,151,202,0x9d9540ac1516012518d2e9ae99132b490bacc9af
40492,54,125,136,197,0x9d9540ac1516012518d2e9ae99132b490bacc9af
40493,12,67,172,221,0x9d9540ac1516012518d2e9ae99132b490bacc9af
40494,5,112,181,247,0x9d9540ac1516012518d2e9ae99132b490bacc9af
40495,17,86,134,207,0x9d9540ac1516012518d2e9ae99132b490bacc9af
40496,11,84,154,242,0x9d9540ac1516012518d2e9ae99132b490bacc9af
40497,36,108,133,200,0x9d9540ac1516012518d2e9ae99132b490bacc9af
40498,20,77,143,242,0x9d9540ac1516012518d2e9ae99132b490bacc9af
40499,30,85,147,255,0x9d9540ac1516012518d2e9ae99132b490bacc9af
40500,0,94,188,249,0x80132ab8b0757b1bc119f815db6ad88bdeec26dd
40501,1,65,180,241,0x80132ab8b0757b1bc119f815db6ad88bdeec26dd
40502,19,108,140,229,0x80132ab8b0757b1bc119f815db6ad88bdeec26dd
40503,13,87,137,194,0x80132ab8b0757b1bc119f815db6ad88bdeec26dd
40504,50,106,139,197,0x80132ab8b0757b1bc119f815db6ad88bdeec26dd
40505,43,81,166,208,0x80132ab8b0757b1bc119f815db6ad88bdeec26dd
40506,59,88,160,255,0x80132ab8b0757b1bc119f815db6ad88bdeec26dd
40507,25,77,188,245,0x80132ab8b0757b1bc119f815db6ad88bdeec26dd
40508,38,123,179,249,0x80132ab8b0757b1bc119f815db6ad88bdeec26dd
40509,35,105,190,197,0x80132ab8b0757b1bc119f815db6ad88bdeec26dd
40510,38,65,130,250,0x80132ab8b0757b1bc119f815db6ad88bdeec26dd
40511,50,76,167,210,0x80132ab8b0757b1bc119f815db6ad88bdeec26dd
40512,59,89,133,249,0x80132ab8b0757b1bc119f815db6ad88bdeec26dd
40513,47,66,191,233,0x80132ab8b0757b1bc119f815db6ad88bdeec26dd
40514,26,94,178,248,0x80132ab8b0757b1bc119f815db6ad88bdeec26dd
40515,33,116,170,241,0x80132ab8b0757b1bc119f815db6ad88bdeec26dd
40516,5,89,147,252,0x80132ab8b0757b1bc119f815db6ad88bdeec26dd
40517,21,79,133,245,0x80132ab8b0757b1bc119f815db6ad88bdeec26dd
40518,56,79,173,212,0x80132ab8b0757b1bc119f815db6ad88bdeec26dd
40519,20,89,144,250,0x80132ab8b0757b1bc119f815db6ad88bdeec26dd
40520,59,115,128,221,0x80132ab8b0757b1bc119f815db6ad88bdeec26dd
40521,18,115,173,232,0x80132ab8b0757b1bc119f815db6ad88bdeec26dd
40522,14,112,168,215,0x80132ab8b0757b1bc119f815db6ad88bdeec26dd
40523,45,117,181,199,0x80132ab8b0757b1bc119f815db6ad88bdeec26dd
40524,50,83,171,212,0x80132ab8b0757b1bc119f815db6ad88bdeec26dd
40525,53,98,190,254,0x80132ab8b0757b1bc119f815db6ad88bdeec26dd
40526,1,124,164,215,0x80132ab8b0757b1bc119f815db6ad88bdeec26dd
40527,16,114,136,197,0x80132ab8b0757b1bc119f815db6ad88bdeec26dd
40528,56,121,144,216,0x80132ab8b0757b1bc119f815db6ad88bdeec26dd
40529,32,67,143,199,0x80132ab8b0757b1bc119f815db6ad88bdeec26dd
40530,56,117,177,230,0x80132ab8b0757b1bc119f815db6ad88bdeec26dd
40531,20,127,181,215,0x80132ab8b0757b1bc119f815db6ad88bdeec26dd
40532,24,87,172,217,0x80132ab8b0757b1bc119f815db6ad88bdeec26dd
40533,57,125,138,200,0x80132ab8b0757b1bc119f815db6ad88bdeec26dd
40534,60,72,178,212,0x80132ab8b0757b1bc119f815db6ad88bdeec26dd
40535,21,78,146,193,0x80132ab8b0757b1bc119f815db6ad88bdeec26dd
40536,57,84,157,237,0x80132ab8b0757b1bc119f815db6ad88bdeec26dd
40537,53,89,166,244,0x80132ab8b0757b1bc119f815db6ad88bdeec26dd
40538,43,76,160,222,0x80132ab8b0757b1bc119f815db6ad88bdeec26dd
40539,12,95,146,233,0x80132ab8b0757b1bc119f815db6ad88bdeec26dd
40540,27,99,166,236,0x80132ab8b0757b1bc119f815db6ad88bdeec26dd
40541,34,84,134,204,0x80132ab8b0757b1bc119f815db6ad88bdeec26dd
40542,10,117,150,195,0x80132ab8b0757b1bc119f815db6ad88bdeec26dd
40543,22,125,143,201,0x80132ab8b0757b1bc119f815db6ad88bdeec26dd
40544,0,126,186,251,0x80132ab8b0757b1bc119f815db6ad88bdeec26dd
40545,51,81,146,222,0x80132ab8b0757b1bc119f815db6ad88bdeec26dd
40546,22,91,131,248,0x80132ab8b0757b1bc119f815db6ad88bdeec26dd
40547,63,113,141,208,0x80132ab8b0757b1bc119f815db6ad88bdeec26dd
40548,2,126,152,255,0x80132ab8b0757b1bc119f815db6ad88bdeec26dd
40549,60,81,133,212,0x80132ab8b0757b1bc119f815db6ad88bdeec26dd
40550,51,75,155,217,0x80132ab8b0757b1bc119f815db6ad88bdeec26dd
40551,12,122,148,210,0x80132ab8b0757b1bc119f815db6ad88bdeec26dd
40552,59,83,151,216,0x80132ab8b0757b1bc119f815db6ad88bdeec26dd
40553,27,67,190,203,0x80132ab8b0757b1bc119f815db6ad88bdeec26dd
40554,7,74,143,200,0x80132ab8b0757b1bc119f815db6ad88bdeec26dd
40555,39,124,170,203,0x80132ab8b0757b1bc119f815db6ad88bdeec26dd
40556,22,93,186,211,0x80132ab8b0757b1bc119f815db6ad88bdeec26dd
40557,61,105,155,209,0x80132ab8b0757b1bc119f815db6ad88bdeec26dd
40558,9,119,178,221,0x80132ab8b0757b1bc119f815db6ad88bdeec26dd
40559,57,91,147,207,0x80132ab8b0757b1bc119f815db6ad88bdeec26dd
40560,2,106,162,254,0x80132ab8b0757b1bc119f815db6ad88bdeec26dd
40561,37,83,133,204,0x80132ab8b0757b1bc119f815db6ad88bdeec26dd
40562,58,66,183,198,0x80132ab8b0757b1bc119f815db6ad88bdeec26dd
40563,48,76,182,202,0x80132ab8b0757b1bc119f815db6ad88bdeec26dd
40564,10,95,140,222,0x80132ab8b0757b1bc119f815db6ad88bdeec26dd
40565,57,121,140,214,0x80132ab8b0757b1bc119f815db6ad88bdeec26dd
40566,45,64,152,252,0x80132ab8b0757b1bc119f815db6ad88bdeec26dd
40567,3,102,155,192,0x80132ab8b0757b1bc119f815db6ad88bdeec26dd
40568,17,124,184,192,0x80132ab8b0757b1bc119f815db6ad88bdeec26dd
40569,25,80,128,221,0x80132ab8b0757b1bc119f815db6ad88bdeec26dd
40570,19,80,185,211,0x80132ab8b0757b1bc119f815db6ad88bdeec26dd
40571,16,94,176,234,0x80132ab8b0757b1bc119f815db6ad88bdeec26dd
40572,15,126,138,247,0x80132ab8b0757b1bc119f815db6ad88bdeec26dd
40573,12,68,160,199,0x80132ab8b0757b1bc119f815db6ad88bdeec26dd
40574,7,125,156,192,0x80132ab8b0757b1bc119f815db6ad88bdeec26dd
40575,18,109,168,200,0x80132ab8b0757b1bc119f815db6ad88bdeec26dd
40576,29,73,133,194,0x80132ab8b0757b1bc119f815db6ad88bdeec26dd
40577,60,112,174,252,0x80132ab8b0757b1bc119f815db6ad88bdeec26dd
40578,1,70,187,255,0x80132ab8b0757b1bc119f815db6ad88bdeec26dd
40579,0,83,180,201,0x80132ab8b0757b1bc119f815db6ad88bdeec26dd
40580,19,68,149,241,0x80132ab8b0757b1bc119f815db6ad88bdeec26dd
40581,25,90,165,244,0x80132ab8b0757b1bc119f815db6ad88bdeec26dd
40582,62,106,166,195,0x80132ab8b0757b1bc119f815db6ad88bdeec26dd
40583,22,96,174,205,0x80132ab8b0757b1bc119f815db6ad88bdeec26dd
40584,53,76,166,200,0x80132ab8b0757b1bc119f815db6ad88bdeec26dd
40585,29,111,145,234,0x80132ab8b0757b1bc119f815db6ad88bdeec26dd
40586,12,113,133,200,0x80132ab8b0757b1bc119f815db6ad88bdeec26dd
40587,8,67,141,234,0x80132ab8b0757b1bc119f815db6ad88bdeec26dd
40588,27,72,191,205,0x80132ab8b0757b1bc119f815db6ad88bdeec26dd
40589,10,86,139,224,0x80132ab8b0757b1bc119f815db6ad88bdeec26dd
40590,52,84,134,248,0x80132ab8b0757b1bc119f815db6ad88bdeec26dd
40591,5,86,143,248,0x80132ab8b0757b1bc119f815db6ad88bdeec26dd
40592,6,72,151,224,0x80132ab8b0757b1bc119f815db6ad88bdeec26dd
40593,50,85,165,246,0x80132ab8b0757b1bc119f815db6ad88bdeec26dd
40594,27,78,130,199,0x80132ab8b0757b1bc119f815db6ad88bdeec26dd
40595,26,78,139,226,0x80132ab8b0757b1bc119f815db6ad88bdeec26dd
40596,19,64,190,227,0x80132ab8b0757b1bc119f815db6ad88bdeec26dd
40597,46,67,130,235,0x80132ab8b0757b1bc119f815db6ad88bdeec26dd
40598,18,102,152,198,0x80132ab8b0757b1bc119f815db6ad88bdeec26dd
40599,63,127,175,214,0x80132ab8b0757b1bc119f815db6ad88bdeec26dd
40600,55,97,128,252,0x8c6de94ffec33ee24097632b033698cbb8b7f741
40601,5,87,147,203,0x8c6de94ffec33ee24097632b033698cbb8b7f741
40602,28,103,131,241,0x8c6de94ffec33ee24097632b033698cbb8b7f741
40603,30,80,132,197,0x8c6de94ffec33ee24097632b033698cbb8b7f741
40604,19,92,151,222,0x8c6de94ffec33ee24097632b033698cbb8b7f741
40605,49,89,183,196,0x8c6de94ffec33ee24097632b033698cbb8b7f741
40606,57,103,128,195,0x8c6de94ffec33ee24097632b033698cbb8b7f741
40607,58,80,130,199,0x8c6de94ffec33ee24097632b033698cbb8b7f741
40608,21,76,148,215,0x8c6de94ffec33ee24097632b033698cbb8b7f741
40609,11,86,148,203,0x8c6de94ffec33ee24097632b033698cbb8b7f741
40610,2,111,177,234,0x8c6de94ffec33ee24097632b033698cbb8b7f741
40611,22,108,153,195,0x8c6de94ffec33ee24097632b033698cbb8b7f741
40612,48,91,190,216,0x8c6de94ffec33ee24097632b033698cbb8b7f741
40613,13,85,165,221,0x8c6de94ffec33ee24097632b033698cbb8b7f741
40614,3,90,142,235,0x8c6de94ffec33ee24097632b033698cbb8b7f741
40615,51,109,171,239,0x8c6de94ffec33ee24097632b033698cbb8b7f741
40616,34,85,182,236,0x8c6de94ffec33ee24097632b033698cbb8b7f741
40617,33,88,131,230,0x8c6de94ffec33ee24097632b033698cbb8b7f741
40618,31,102,142,211,0x8c6de94ffec33ee24097632b033698cbb8b7f741
40619,19,107,130,200,0x8c6de94ffec33ee24097632b033698cbb8b7f741
40620,59,72,180,193,0x8c6de94ffec33ee24097632b033698cbb8b7f741
40621,15,125,165,246,0x8c6de94ffec33ee24097632b033698cbb8b7f741
40622,5,103,171,249,0x8c6de94ffec33ee24097632b033698cbb8b7f741
40623,19,67,137,235,0x8c6de94ffec33ee24097632b033698cbb8b7f741
40624,12,72,135,236,0x8c6de94ffec33ee24097632b033698cbb8b7f741
40625,60,74,173,253,0x8c6de94ffec33ee24097632b033698cbb8b7f741
40626,10,95,145,192,0x8c6de94ffec33ee24097632b033698cbb8b7f741
40627,22,113,130,241,0x8c6de94ffec33ee24097632b033698cbb8b7f741
40628,25,70,131,211,0x8c6de94ffec33ee24097632b033698cbb8b7f741
40629,14,82,130,208,0x8c6de94ffec33ee24097632b033698cbb8b7f741
40630,18,117,161,219,0x8c6de94ffec33ee24097632b033698cbb8b7f741
40631,45,80,171,244,0x8c6de94ffec33ee24097632b033698cbb8b7f741
40632,53,108,171,231,0x8c6de94ffec33ee24097632b033698cbb8b7f741
40633,48,79,129,217,0x8c6de94ffec33ee24097632b033698cbb8b7f741
40634,30,86,168,254,0x8c6de94ffec33ee24097632b033698cbb8b7f741
40635,35,94,150,192,0x8c6de94ffec33ee24097632b033698cbb8b7f741
40636,15,79,189,194,0x8c6de94ffec33ee24097632b033698cbb8b7f741
40637,59,103,167,255,0x8c6de94ffec33ee24097632b033698cbb8b7f741
40638,15,119,184,240,0x8c6de94ffec33ee24097632b033698cbb8b7f741
40639,18,97,171,238,0x8c6de94ffec33ee24097632b033698cbb8b7f741
40640,63,95,150,252,0x8c6de94ffec33ee24097632b033698cbb8b7f741
40641,6,122,159,255,0x8c6de94ffec33ee24097632b033698cbb8b7f741
40642,54,102,170,228,0x8c6de94ffec33ee24097632b033698cbb8b7f741
40643,49,81,135,195,0x8c6de94ffec33ee24097632b033698cbb8b7f741
40644,58,66,142,215,0x8c6de94ffec33ee24097632b033698cbb8b7f741
40645,32,74,187,201,0x8c6de94ffec33ee24097632b033698cbb8b7f741
40646,25,111,170,197,0x8c6de94ffec33ee24097632b033698cbb8b7f741
40647,30,84,177,227,0x8c6de94ffec33ee24097632b033698cbb8b7f741
40648,62,84,131,231,0x8c6de94ffec33ee24097632b033698cbb8b7f741
40649,14,67,146,199,0x8c6de94ffec33ee24097632b033698cbb8b7f741
40650,50,69,159,192,0x8c6de94ffec33ee24097632b033698cbb8b7f741
40651,23,82,133,235,0x8c6de94ffec33ee24097632b033698cbb8b7f741
40652,2,71,182,246,0x8c6de94ffec33ee24097632b033698cbb8b7f741
40653,9,87,155,200,0x8c6de94ffec33ee24097632b033698cbb8b7f741
40654,4,74,138,192,0x8c6de94ffec33ee24097632b033698cbb8b7f741
40655,4,64,166,230,0x8c6de94ffec33ee24097632b033698cbb8b7f741
40656,3,75,172,215,0x8c6de94ffec33ee24097632b033698cbb8b7f741
40657,2,125,143,240,0x8c6de94ffec33ee24097632b033698cbb8b7f741
40658,4,85,139,245,0x8c6de94ffec33ee24097632b033698cbb8b7f741
40659,18,88,147,247,0x8c6de94ffec33ee24097632b033698cbb8b7f741
40660,53,91,177,241,0x8c6de94ffec33ee24097632b033698cbb8b7f741
40661,0,84,179,204,0x8c6de94ffec33ee24097632b033698cbb8b7f741
40662,39,120,188,217,0x8c6de94ffec33ee24097632b033698cbb8b7f741
40663,55,75,173,209,0x8c6de94ffec33ee24097632b033698cbb8b7f741
40664,7,70,133,199,0x8c6de94ffec33ee24097632b033698cbb8b7f741
40665,39,73,185,197,0x8c6de94ffec33ee24097632b033698cbb8b7f741
40666,53,118,138,197,0x8c6de94ffec33ee24097632b033698cbb8b7f741
40667,52,111,152,249,0x8c6de94ffec33ee24097632b033698cbb8b7f741
40668,19,89,144,245,0x8c6de94ffec33ee24097632b033698cbb8b7f741
40669,9,89,170,253,0x8c6de94ffec33ee24097632b033698cbb8b7f741
40670,19,118,142,251,0x8c6de94ffec33ee24097632b033698cbb8b7f741
40671,61,111,174,201,0x8c6de94ffec33ee24097632b033698cbb8b7f741
40672,54,85,145,192,0x8c6de94ffec33ee24097632b033698cbb8b7f741
40673,14,92,189,238,0x8c6de94ffec33ee24097632b033698cbb8b7f741
40674,18,67,148,194,0x8c6de94ffec33ee24097632b033698cbb8b7f741
40675,33,127,139,216,0x8c6de94ffec33ee24097632b033698cbb8b7f741
40676,41,70,189,211,0x8c6de94ffec33ee24097632b033698cbb8b7f741
40677,3,69,154,212,0x8c6de94ffec33ee24097632b033698cbb8b7f741
40678,39,94,157,205,0x8c6de94ffec33ee24097632b033698cbb8b7f741
40679,53,102,132,195,0x8c6de94ffec33ee24097632b033698cbb8b7f741
40680,52,114,177,244,0x8c6de94ffec33ee24097632b033698cbb8b7f741
40681,16,123,151,230,0x8c6de94ffec33ee24097632b033698cbb8b7f741
40682,32,84,142,216,0x8c6de94ffec33ee24097632b033698cbb8b7f741
40683,51,67,189,249,0x8c6de94ffec33ee24097632b033698cbb8b7f741
40684,23,114,135,201,0x8c6de94ffec33ee24097632b033698cbb8b7f741
40685,41,68,128,198,0x8c6de94ffec33ee24097632b033698cbb8b7f741
40686,23,104,145,251,0x8c6de94ffec33ee24097632b033698cbb8b7f741
40687,9,69,150,196,0x8c6de94ffec33ee24097632b033698cbb8b7f741
40688,62,85,174,254,0x8c6de94ffec33ee24097632b033698cbb8b7f741
40689,10,93,185,241,0x8c6de94ffec33ee24097632b033698cbb8b7f741
40690,3,69,182,199,0x8c6de94ffec33ee24097632b033698cbb8b7f741
40691,9,73,153,208,0x8c6de94ffec33ee24097632b033698cbb8b7f741
40692,54,123,189,248,0x8c6de94ffec33ee24097632b033698cbb8b7f741
40693,59,106,175,246,0x8c6de94ffec33ee24097632b033698cbb8b7f741
40694,9,122,170,201,0x8c6de94ffec33ee24097632b033698cbb8b7f741
40695,63,83,169,208,0x8c6de94ffec33ee24097632b033698cbb8b7f741
40696,32,68,147,215,0x8c6de94ffec33ee24097632b033698cbb8b7f741
40697,3,91,153,217,0x8c6de94ffec33ee24097632b033698cbb8b7f741
40698,45,96,137,204,0x8c6de94ffec33ee24097632b033698cbb8b7f741
40699,50,126,151,250,0x8c6de94ffec33ee24097632b033698cbb8b7f741
40700,9,103,163,243,0x8c6de94ffec33ee24097632b033698cbb8b7f741
40701,22,86,166,225,0x8c6de94ffec33ee24097632b033698cbb8b7f741
40702,39,72,138,214,0x8c6de94ffec33ee24097632b033698cbb8b7f741
40703,4,110,139,201,0x8c6de94ffec33ee24097632b033698cbb8b7f741
40704,61,125,184,192,0x8c6de94ffec33ee24097632b033698cbb8b7f741
40705,38,97,186,218,0x8c6de94ffec33ee24097632b033698cbb8b7f741
40706,23,65,186,227,0x8c6de94ffec33ee24097632b033698cbb8b7f741
40707,51,93,169,192,0x8c6de94ffec33ee24097632b033698cbb8b7f741
40708,54,112,165,204,0x8c6de94ffec33ee24097632b033698cbb8b7f741
40709,20,111,181,198,0x8c6de94ffec33ee24097632b033698cbb8b7f741
40710,38,103,170,219,0x8c6de94ffec33ee24097632b033698cbb8b7f741
40711,15,118,135,216,0x8c6de94ffec33ee24097632b033698cbb8b7f741
40712,59,86,138,249,0x8c6de94ffec33ee24097632b033698cbb8b7f741
40713,8,69,129,242,0x8c6de94ffec33ee24097632b033698cbb8b7f741
40714,11,84,175,243,0x8c6de94ffec33ee24097632b033698cbb8b7f741
40715,54,68,150,194,0x8c6de94ffec33ee24097632b033698cbb8b7f741
40716,20,81,149,194,0x8c6de94ffec33ee24097632b033698cbb8b7f741
40717,56,71,170,198,0x8c6de94ffec33ee24097632b033698cbb8b7f741
40718,18,78,150,213,0x8c6de94ffec33ee24097632b033698cbb8b7f741
40719,63,116,167,210,0x8c6de94ffec33ee24097632b033698cbb8b7f741
40720,17,123,129,206,0x8c6de94ffec33ee24097632b033698cbb8b7f741
40721,29,112,160,214,0x8c6de94ffec33ee24097632b033698cbb8b7f741
40722,1,87,156,212,0x8c6de94ffec33ee24097632b033698cbb8b7f741
40723,16,73,146,250,0x8c6de94ffec33ee24097632b033698cbb8b7f741
40724,15,80,154,213,0x8c6de94ffec33ee24097632b033698cbb8b7f741
40725,50,82,176,229,0x8c6de94ffec33ee24097632b033698cbb8b7f741
40726,25,95,162,236,0x8c6de94ffec33ee24097632b033698cbb8b7f741
40727,15,64,148,194,0x8c6de94ffec33ee24097632b033698cbb8b7f741
40728,14,101,158,214,0x8c6de94ffec33ee24097632b033698cbb8b7f741
40729,1,105,185,235,0x8c6de94ffec33ee24097632b033698cbb8b7f741
40730,17,101,183,236,0x8c6de94ffec33ee24097632b033698cbb8b7f741
40731,2,65,169,211,0x8c6de94ffec33ee24097632b033698cbb8b7f741
40732,14,112,149,199,0x8c6de94ffec33ee24097632b033698cbb8b7f741
40733,19,119,128,238,0x8c6de94ffec33ee24097632b033698cbb8b7f741
40734,36,99,141,226,0x8c6de94ffec33ee24097632b033698cbb8b7f741
40735,24,73,183,214,0x8c6de94ffec33ee24097632b033698cbb8b7f741
40736,53,64,146,194,0x8c6de94ffec33ee24097632b033698cbb8b7f741
40737,54,122,187,229,0x8c6de94ffec33ee24097632b033698cbb8b7f741
40738,32,121,178,209,0x8c6de94ffec33ee24097632b033698cbb8b7f741
40739,22,77,181,205,0x8c6de94ffec33ee24097632b033698cbb8b7f741
40740,17,83,169,207,0x8c6de94ffec33ee24097632b033698cbb8b7f741
40741,56,96,142,202,0x8c6de94ffec33ee24097632b033698cbb8b7f741
40742,31,90,183,193,0x8c6de94ffec33ee24097632b033698cbb8b7f741
40743,30,114,158,219,0x8c6de94ffec33ee24097632b033698cbb8b7f741
40744,14,69,146,241,0x8c6de94ffec33ee24097632b033698cbb8b7f741
40745,17,122,135,235,0x8c6de94ffec33ee24097632b033698cbb8b7f741
40746,52,79,136,228,0x8c6de94ffec33ee24097632b033698cbb8b7f741
40747,21,116,137,241,0x8c6de94ffec33ee24097632b033698cbb8b7f741
40748,3,120,177,196,0x8c6de94ffec33ee24097632b033698cbb8b7f741
40749,4,67,184,214,0x8c6de94ffec33ee24097632b033698cbb8b7f741
40750,35,107,161,203,0x8c6de94ffec33ee24097632b033698cbb8b7f741
40751,7,123,136,230,0x8c6de94ffec33ee24097632b033698cbb8b7f741
40752,17,77,129,227,0x8c6de94ffec33ee24097632b033698cbb8b7f741
40753,14,112,174,195,0x8c6de94ffec33ee24097632b033698cbb8b7f741
40754,29,105,139,208,0x8c6de94ffec33ee24097632b033698cbb8b7f741
40755,31,109,184,203,0x8c6de94ffec33ee24097632b033698cbb8b7f741
40756,45,99,183,233,0x8c6de94ffec33ee24097632b033698cbb8b7f741
40757,28,109,155,251,0x8c6de94ffec33ee24097632b033698cbb8b7f741
40758,30,64,149,205,0x8c6de94ffec33ee24097632b033698cbb8b7f741
40759,17,72,177,239,0x8c6de94ffec33ee24097632b033698cbb8b7f741
40760,48,111,160,192,0x8c6de94ffec33ee24097632b033698cbb8b7f741
40761,13,116,144,220,0x8c6de94ffec33ee24097632b033698cbb8b7f741
40762,46,108,132,252,0x8c6de94ffec33ee24097632b033698cbb8b7f741
40763,59,100,147,206,0x8c6de94ffec33ee24097632b033698cbb8b7f741
40764,32,96,144,251,0x8c6de94ffec33ee24097632b033698cbb8b7f741
40765,15,70,141,198,0x8c6de94ffec33ee24097632b033698cbb8b7f741
40766,23,87,189,208,0x8c6de94ffec33ee24097632b033698cbb8b7f741
40767,2,83,128,206,0x8c6de94ffec33ee24097632b033698cbb8b7f741
40768,22,66,179,202,0x8c6de94ffec33ee24097632b033698cbb8b7f741
40769,5,68,140,206,0x8c6de94ffec33ee24097632b033698cbb8b7f741
40770,9,74,155,230,0x8c6de94ffec33ee24097632b033698cbb8b7f741
40771,30,113,150,240,0x8c6de94ffec33ee24097632b033698cbb8b7f741
40772,42,110,128,216,0x8c6de94ffec33ee24097632b033698cbb8b7f741
40773,9,111,150,252,0x8c6de94ffec33ee24097632b033698cbb8b7f741
40774,31,90,166,251,0x8c6de94ffec33ee24097632b033698cbb8b7f741
40775,27,71,177,230,0x8c6de94ffec33ee24097632b033698cbb8b7f741
40776,60,66,137,225,0x8c6de94ffec33ee24097632b033698cbb8b7f741
40777,18,92,162,252,0x8c6de94ffec33ee24097632b033698cbb8b7f741
40778,51,97,147,226,0x8c6de94ffec33ee24097632b033698cbb8b7f741
40779,21,83,134,222,0x8c6de94ffec33ee24097632b033698cbb8b7f741
40780,17,127,187,214,0x8c6de94ffec33ee24097632b033698cbb8b7f741
40781,22,107,189,208,0x8c6de94ffec33ee24097632b033698cbb8b7f741
40782,18,124,149,201,0x8c6de94ffec33ee24097632b033698cbb8b7f741
40783,18,102,137,250,0x8c6de94ffec33ee24097632b033698cbb8b7f741
40784,16,90,153,194,0x8c6de94ffec33ee24097632b033698cbb8b7f741
40785,46,81,181,194,0x8c6de94ffec33ee24097632b033698cbb8b7f741
40786,63,76,145,224,0x8c6de94ffec33ee24097632b033698cbb8b7f741
40787,51,84,155,215,0x8c6de94ffec33ee24097632b033698cbb8b7f741
40788,12,71,168,244,0x8c6de94ffec33ee24097632b033698cbb8b7f741
40789,24,96,132,218,0x8c6de94ffec33ee24097632b033698cbb8b7f741
40790,23,121,131,233,0x8c6de94ffec33ee24097632b033698cbb8b7f741
40791,12,86,181,244,0x8c6de94ffec33ee24097632b033698cbb8b7f741
40792,60,104,190,213,0x8c6de94ffec33ee24097632b033698cbb8b7f741
40793,18,68,175,213,0x8c6de94ffec33ee24097632b033698cbb8b7f741
40794,1,65,178,227,0x8c6de94ffec33ee24097632b033698cbb8b7f741
40795,9,79,142,224,0x8c6de94ffec33ee24097632b033698cbb8b7f741
40796,5,90,185,231,0x8c6de94ffec33ee24097632b033698cbb8b7f741
40797,23,100,177,222,0x8c6de94ffec33ee24097632b033698cbb8b7f741
40798,18,114,191,193,0x8c6de94ffec33ee24097632b033698cbb8b7f741
40799,19,100,191,244,0x8c6de94ffec33ee24097632b033698cbb8b7f741
