1,0x89a86be0effe52682222212d74913b497eecd506
2,0x89a86be0effe52682222212d74913b497eecd506
3,0x89a86be0effe52682222212d74913b497eecd506
4,0x89a86be0effe52682222212d74913b497eecd506
5,0x89a86be0effe52682222212d74913b497eecd506
6,0x89a86be0effe52682222212d74913b497eecd506
7,0x89a86be0effe52682222212d74913b497eecd506
8,0x89a86be0effe52682222212d74913b497eecd506
9,0x89a86be0effe52682222212d74913b497eecd506
10,0x89a86be0effe52682222212d74913b497eecd506
11,0x89a86be0effe52682222212d74913b497eecd506
12,0x89a86be0effe52682222212d74913b497eecd506
13,0x89a86be0effe52682222212d74913b497eecd506
14,0x89a86be0effe52682222212d74913b497eecd506
15,0x89a86be0effe52682222212d74913b497eecd506
16,0x89a86be0effe52682222212d74913b497eecd506
17,0x89a86be0effe52682222212d74913b497eecd506
18,0x89a86be0effe52682222212d74913b497eecd506
19,0x89a86be0effe52682222212d74913b497eecd506
20,0x89a86be0effe52682222212d74913b497eecd506
21,0x89a86be0effe52682222212d74913b497eecd506
22,0x89a86be0effe52682222212d74913b497eecd506
23,0x89a86be0effe52682222212d74913b497eecd506
24,0x89a86be0effe52682222212d74913b497eecd506
25,0x89a86be0effe52682222212d74913b497eecd506
26,0x89a86be0effe52682222212d74913b497eecd506
27,0x89a86be0effe52682222212d74913b497eecd506
28,0x89a86be0effe52682222212d74913b497eecd506
29,0x89a86be0effe52682222212d74913b497eecd506
30,0x89a86be0effe52682222212d74913b497eecd506
31,0x89a86be0effe52682222212d74913b497eecd506
32,0x89a86be0effe52682222212d74913b497eecd506
33,0x89a86be0effe52682222212d74913b497eecd506
34,0x89a86be0effe52682222212d74913b497eecd506
35,0x89a86be0effe52682222212d74913b497eecd506
36,0x89a86be0effe52682222212d74913b497eecd506
37,0x89a86be0effe52682222212d74913b497eecd506
38,0x89a86be0effe52682222212d74913b497eecd506
39,0x89a86be0effe52682222212d74913b497eecd506
40,0x89a86be0effe52682222212d74913b497eecd506
41,0x89a86be0effe52682222212d74913b497eecd506
42,0x89a86be0effe52682222212d74913b497eecd506
43,0x89a86be0effe52682222212d74913b497eecd506
44,0x89a86be0effe52682222212d74913b497eecd506
45,0x89a86be0effe52682222212d74913b497eecd506
46,0x89a86be0effe52682222212d74913b497eecd506
47,0x89a86be0effe52682222212d74913b497eecd506
48,0x89a86be0effe52682222212d74913b497eecd506
49,0x89a86be0effe52682222212d74913b497eecd506
50,0x89a86be0effe52682222212d74913b497eecd506
51,0x89a86be0effe52682222212d74913b497eecd506
52,0x89a86be0effe52682222212d74913b497eecd506
53,0x89a86be0effe52682222212d74913b497eecd506
54,0x89a86be0effe52682222212d74913b497eecd506
55,0x89a86be0effe52682222212d74913b497eecd506
56,0x89a86be0effe52682222212d74913b497eecd506
57,0x89a86be0effe52682222212d74913b497eecd506
58,0x89a86be0effe52682222212d74913b497eecd506
59,0x89a86be0effe52682222212d74913b497eecd506
60,0x89a86be0effe52682222212d74913b497eecd506
61,0x89a86be0effe52682222212d74913b497eecd506
62,0x89a86be0effe52682222212d74913b497eecd506
63,0x89a86be0effe52682222212d74913b497eecd506
64,0x89a86be0effe52682222212d74913b497eecd506
65,0x89a86be0effe52682222212d74913b497eecd506
66,0x89a86be0effe52682222212d74913b497eecd506
67,0x89a86be0effe52682222212d74913b497eecd506
68,0x89a86be0effe52682222212d74913b497eecd506
69,0x89a86be0effe52682222212d74913b497eecd506
70,0x89a86be0effe52682222212d74913b497eecd506
71,0x89a86be0effe52682222212d74913b497eecd506
72,0x89a86be0effe52682222212d74913b497eecd506
73,0x89a86be0effe52682222212d74913b497eecd506
74,0x89a86be0effe52682222212d74913b497eecd506
75,0x89a86be0effe52682222212d74913b497eecd506
76,0x89a86be0effe52682222212d74913b497eecd506
77,0x89a86be0effe52682222212d74913b497eecd506
78,0x89a86be0effe52682222212d74913b497eecd506
79,0x89a86be0effe52682222212d74913b497eecd506
80,0x89a86be0effe52682222212d74913b497eecd506
81,0x89a86be0effe52682222212d74913b497eecd506
82,0x89a86be0effe52682222212d74913b497eecd506
83,0x89a86be0effe52682222212d74913b497eecd506
84,0x89a86be0effe52682222212d74913b497eecd506
85,0x89a86be0effe52682222212d74913b497eecd506
86,0x89a86be0effe52682222212d74913b497eecd506
87,0x89a86be0effe52682222212d74913b497eecd506
88,0x89a86be0effe52682222212d74913b497eecd506
89,0x89a86be0effe52682222212d74913b497eecd506
90,0x89a86be0effe52682222212d74913b497eecd506
91,0x89a86be0effe52682222212d74913b497eecd506
92,0x89a86be0effe52682222212d74913b497eecd506
93,0x89a86be0effe52682222212d74913b497eecd506
94,0x89a86be0effe52682222212d74913b497eecd506
95,0x89a86be0effe52682222212d74913b497eecd506
96,0x89a86be0effe52682222212d74913b497eecd506
97,0x89a86be0effe52682222212d74913b497eecd506
98,0x89a86be0effe52682222212d74913b497eecd506
99,0x89a86be0effe52682222212d74913b497eecd506
100,0x89a86be0effe52682222212d74913b497eecd506
101,0x80132ab8b0757b1bc119f815db6ad88bdeec26dd
102,0x80132ab8b0757b1bc119f815db6ad88bdeec26dd
103,0x80132ab8b0757b1bc119f815db6ad88bdeec26dd
104,0x80132ab8b0757b1bc119f815db6ad88bdeec26dd
105,0x80132ab8b0757b1bc119f815db6ad88bdeec26dd
106,0x80132ab8b0757b1bc119f815db6ad88bdeec26dd
107,0x80132ab8b0757b1bc119f815db6ad88bdeec26dd
108,0x80132ab8b0757b1bc119f815db6ad88bdeec26dd
109,0x80132ab8b0757b1bc119f815db6ad88bdeec26dd
110,0x80132ab8b0757b1bc119f815db6ad88bdeec26dd
111,0x80132ab8b0757b1bc119f815db6ad88bdeec26dd
112,0x80132ab8b0757b1bc119f815db6ad88bdeec26dd
113,0x80132ab8b0757b1bc119f815db6ad88bdeec26dd
114,0x80132ab8b0757b1bc119f815db6ad88bdeec26dd
115,0x80132ab8b0757b1bc119f815db6ad88bdeec26dd
116,0x80132ab8b0757b1bc119f815db6ad88bdeec26dd
117,0x80132ab8b0757b1bc119f815db6ad88bdeec26dd
118,0x80132ab8b0757b1bc119f815db6ad88bdeec26dd
119,0x80132ab8b0757b1bc119f815db6ad88bdeec26dd
120,0x80132ab8b0757b1bc119f815db6ad88bdeec26dd
121,0x80132ab8b0757b1bc119f815db6ad88bdeec26dd
122,0x80132ab8b0757b1bc119f815db6ad88bdeec26dd
123,0x80132ab8b0757b1bc119f815db6ad88bdeec26dd
124,0x80132ab8b0757b1bc119f815db6ad88bdeec26dd
125,0x80132ab8b0757b1bc119f815db6ad88bdeec26dd
126,0x80132ab8b0757b1bc119f815db6ad88bdeec26dd
127,0x80132ab8b0757b1bc119f815db6ad88bdeec26dd
128,0x80132ab8b0757b1bc119f815db6ad88bdeec26dd
129,0x80132ab8b0757b1bc119f815db6ad88bdeec26dd
130,0x80132ab8b0757b1bc119f815db6ad88bdeec26dd
131,0x80132ab8b0757b1bc119f815db6ad88bdeec26dd
132,0x80132ab8b0757b1bc119f815db6ad88bdeec26dd
133,0x80132ab8b0757b1bc119f815db6ad88bdeec26dd
134,0x80132ab8b0757b1bc119f815db6ad88bdeec26dd
135,0x80132ab8b0757b1bc119f815db6ad88bdeec26dd
136,0x80132ab8b0757b1bc119f815db6ad88bdeec26dd
137,0x80132ab8b0757b1bc119f815db6ad88bdeec26dd
138,0x80132ab8b0757b1bc119f815db6ad88bdeec26dd
139,0x80132ab8b0757b1bc119f815db6ad88bdeec26dd
140,0x80132ab8b0757b1bc119f815db6ad88bdeec26dd
141,0x80132ab8b0757b1bc119f815db6ad88bdeec26dd
142,0x80132ab8b0757b1bc119f815db6ad88bdeec26dd
143,0x80132ab8b0757b1bc119f815db6ad88bdeec26dd
144,0x80132ab8b0757b1bc119f815db6ad88bdeec26dd
145,0x80132ab8b0757b1bc119f815db6ad88bdeec26dd
146,0x80132ab8b0757b1bc119f815db6ad88bdeec26dd
147,0x80132ab8b0757b1bc119f815db6ad88bdeec26dd
148,0x80132ab8b0757b1bc119f815db6ad88bdeec26dd
149,0x80132ab8b0757b1bc119f815db6ad88bdeec26dd
150,0x80132ab8b0757b1bc119f815db6ad88bdeec26dd
151,0x80132ab8b0757b1bc119f815db6ad88bdeec26dd
152,0x80132ab8b0757b1bc119f815db6ad88bdeec26dd
153,0x80132ab8b0757b1bc119f815db6ad88bdeec26dd
154,0x80132ab8b0757b1bc119f815db6ad88bdeec26dd
155,0x80132ab8b0757b1bc119f815db6ad88bdeec26dd
156,0x80132ab8b0757b1bc119f815db6ad88bdeec26dd
157,0x80132ab8b0757b1bc119f815db6ad88bdeec26dd
158,0x80132ab8b0757b1bc119f815db6ad88bdeec26dd
159,0x80132ab8b0757b1bc119f815db6ad88bdeec26dd
160,0x80132ab8b0757b1bc119f815db6ad88bdeec26dd
161,0x80132ab8b0757b1bc119f815db6ad88bdeec26dd
162,0x80132ab8b0757b1bc119f815db6ad88bdeec26dd
163,0x80132ab8b0757b1bc119f815db6ad88bdeec26dd
164,0x80132ab8b0757b1bc119f815db6ad88bdeec26dd
165,0x80132ab8b0757b1bc119f815db6ad88bdeec26dd
166,0x80132ab8b0757b1bc119f815db6ad88bdeec26dd
167,0x80132ab8b0757b1bc119f815db6ad88bdeec26dd
168,0x80132ab8b0757b1bc119f815db6ad88bdeec26dd
169,0x80132ab8b0757b1bc119f815db6ad88bdeec26dd
170,0x80132ab8b0757b1bc119f815db6ad88bdeec26dd
171,0x80132ab8b0757b1bc119f815db6ad88bdeec26dd
172,0x80132ab8b0757b1bc119f815db6ad88bdeec26dd
173,0x80132ab8b0757b1bc119f815db6ad88bdeec26dd
174,0x80132ab8b0757b1bc119f815db6ad88bdeec26dd
175,0x80132ab8b0757b1bc119f815db6ad88bdeec26dd
176,0x80132ab8b0757b1bc119f815db6ad88bdeec26dd
177,0x80132ab8b0757b1bc119f815db6ad88bdeec26dd
178,0x80132ab8b0757b1bc119f815db6ad88bdeec26dd
179,0x80132ab8b0757b1bc119f815db6ad88bdeec26dd
180,0x80132ab8b0757b1bc119f815db6ad88bdeec26dd
181,0x80132ab8b0757b1bc119f815db6ad88bdeec26dd
182,0x80132ab8b0757b1bc119f815db6ad88bdeec26dd
183,0x80132ab8b0757b1bc119f815db6ad88bdeec26dd
184,0x80132ab8b0757b1bc119f815db6ad88bdeec26dd
185,0x80132ab8b0757b1bc119f815db6ad88bdeec26dd
186,0x80132ab8b0757b1bc119f815db6ad88bdeec26dd
187,0x80132ab8b0757b1bc119f815db6ad88bdeec26dd
188,0x80132ab8b0757b1bc119f815db6ad88bdeec26dd
189,0x80132ab8b0757b1bc119f815db6ad88bdeec26dd
190,0x80132ab8b0757b1bc119f815db6ad88bdeec26dd
191,0x80132ab8b0757b1bc119f815db6ad88bdeec26dd
192,0x80132ab8b0757b1bc119f815db6ad88bdeec26dd
193,0x80132ab8b0757b1bc119f815db6ad88bdeec26dd
194,0x80132ab8b0757b1bc119f815db6ad88bdeec26dd
195,0x80132ab8b0757b1bc119f815db6ad88bdeec26dd
196,0x80132ab8b0757b1bc119f815db6ad88bdeec26dd
197,0x80132ab8b0757b1bc119f815db6ad88bdeec26dd
198,0x80132ab8b0757b1bc119f815db6ad88bdeec26dd
199,0x80132ab8b0757b1bc119f815db6ad88bdeec26dd
200,0x80132ab8b0757b1bc119f815db6ad88bdeec26dd
201,0x8c6de94ffec33ee24097632b033698cbb8b7f741
202,0x8c6de94ffec33ee24097632b033698cbb8b7f741
203,0x8c6de94ffec33ee24097632b033698cbb8b7f741
204,0x8c6de94ffec33ee24097632b033698cbb8b7f741
205,0x8c6de94ffec33ee24097632b033698cbb8b7f741
206,0x8c6de94ffec33ee24097632b033698cbb8b7f741
207,0x8c6de94ffec33ee24097632b033698cbb8b7f741
208,0x8c6de94ffec33ee24097632b033698cbb8b7f741
209,0x8c6de94ffec33ee24097632b033698cbb8b7f741
210,0x8c6de94ffec33ee24097632b033698cbb8b7f741
211,0x8c6de94ffec33ee24097632b033698cbb8b7f741
212,0x8c6de94ffec33ee24097632b033698cbb8b7f741
213,0x8c6de94ffec33ee24097632b033698cbb8b7f741
214,0x8c6de94ffec33ee24097632b033698cbb8b7f741
215,0x8c6de94ffec33ee24097632b033698cbb8b7f741
216,0x8c6de94ffec33ee24097632b033698cbb8b7f741
217,0x8c6de94ffec33ee24097632b033698cbb8b7f741
218,0x8c6de94ffec33ee24097632b033698cbb8b7f741
219,0x8c6de94ffec33ee24097632b033698cbb8b7f741
220,0x8c6de94ffec33ee24097632b033698cbb8b7f741
221,0x8c6de94ffec33ee24097632b033698cbb8b7f741
222,0x8c6de94ffec33ee24097632b033698cbb8b7f741
223,0x8c6de94ffec33ee24097632b033698cbb8b7f741
224,0x8c6de94ffec33ee24097632b033698cbb8b7f741
225,0x8c6de94ffec33ee24097632b033698cbb8b7f741
226,0x8c6de94ffec33ee24097632b033698cbb8b7f741
227,0x8c6de94ffec33ee24097632b033698cbb8b7f741
228,0x8c6de94ffec33ee24097632b033698cbb8b7f741
229,0x8c6de94ffec33ee24097632b033698cbb8b7f741
230,0x8c6de94ffec33ee24097632b033698cbb8b7f741
231,0x8c6de94ffec33ee24097632b033698cbb8b7f741
232,0x8c6de94ffec33ee24097632b033698cbb8b7f741
233,0x8c6de94ffec33ee24097632b033698cbb8b7f741
234,0x8c6de94ffec33ee24097632b033698cbb8b7f741
235,0x8c6de94ffec33ee24097632b033698cbb8b7f741
236,0x8c6de94ffec33ee24097632b033698cbb8b7f741
237,0x8c6de94ffec33ee24097632b033698cbb8b7f741
238,0x8c6de94ffec33ee24097632b033698cbb8b7f741
239,0x8c6de94ffec33ee24097632b033698cbb8b7f741
240,0x8c6de94ffec33ee24097632b033698cbb8b7f741
241,0x8c6de94ffec33ee24097632b033698cbb8b7f741
242,0x8c6de94ffec33ee24097632b033698cbb8b7f741
243,0x8c6de94ffec33ee24097632b033698cbb8b7f741
244,0x8c6de94ffec33ee24097632b033698cbb8b7f741
245,0x8c6de94ffec33ee24097632b033698cbb8b7f741
246,0x8c6de94ffec33ee24097632b033698cbb8b7f741
247,0x8c6de94ffec33ee24097632b033698cbb8b7f741
248,0x8c6de94ffec33ee24097632b033698cbb8b7f741
249,0x8c6de94ffec33ee24097632b033698cbb8b7f741
250,0x8c6de94ffec33ee24097632b033698cbb8b7f741
251,0x8c6de94ffec33ee24097632b033698cbb8b7f741
252,0x8c6de94ffec33ee24097632b033698cbb8b7f741
253,0x8c6de94ffec33ee24097632b033698cbb8b7f741
254,0x8c6de94ffec33ee24097632b033698cbb8b7f741
255,0x8c6de94ffec33ee24097632b033698cbb8b7f741
256,0x8c6de94ffec33ee24097632b033698cbb8b7f741
257,0x8c6de94ffec33ee24097632b033698cbb8b7f741
258,0x8c6de94ffec33ee24097632b033698cbb8b7f741
259,0x8c6de94ffec33ee24097632b033698cbb8b7f741
260,0x8c6de94ffec33ee24097632b033698cbb8b7f741
261,0x8c6de94ffec33ee24097632b033698cbb8b7f741
262,0x8c6de94ffec33ee24097632b033698cbb8b7f741
263,0x8c6de94ffec33ee24097632b033698cbb8b7f741
264,0x8c6de94ffec33ee24097632b033698cbb8b7f741
265,0x8c6de94ffec33ee24097632b033698cbb8b7f741
266,0x8c6de94ffec33ee24097632b033698cbb8b7f741
267,0x8c6de94ffec33ee24097632b033698cbb8b7f741
268,0x8c6de94ffec33ee24097632b033698cbb8b7f741
269,0x8c6de94ffec33ee24097632b033698cbb8b7f741
270,0x8c6de94ffec33ee24097632b033698cbb8b7f741
271,0x8c6de94ffec33ee24097632b033698cbb8b7f741
272,0x8c6de94ffec33ee24097632b033698cbb8b7f741
273,0x8c6de94ffec33ee24097632b033698cbb8b7f741
274,0x8c6de94ffec33ee24097632b033698cbb8b7f741
275,0x8c6de94ffec33ee24097632b033698cbb8b7f741
276,0x8c6de94ffec33ee24097632b033698cbb8b7f741
277,0x8c6de94ffec33ee24097632b033698cbb8b7f741
278,0x8c6de94ffec33ee24097632b033698cbb8b7f741
279,0x8c6de94ffec33ee24097632b033698cbb8b7f741
280,0x8c6de94ffec33ee24097632b033698cbb8b7f741
281,0x8c6de94ffec33ee24097632b033698cbb8b7f741
282,0x8c6de94ffec33ee24097632b033698cbb8b7f741
283,0x8c6de94ffec33ee24097632b033698cbb8b7f741
284,0x8c6de94ffec33ee24097632b033698cbb8b7f741
285,0x8c6de94ffec33ee24097632b033698cbb8b7f741
286,0x8c6de94ffec33ee24097632b033698cbb8b7f741
287,0x8c6de94ffec33ee24097632b033698cbb8b7f741
288,0x8c6de94ffec33ee24097632b033698cbb8b7f741
289,0x8c6de94ffec33ee24097632b033698cbb8b7f741
290,0x8c6de94ffec33ee24097632b033698cbb8b7f741
291,0x8c6de94ffec33ee24097632b033698cbb8b7f741
292,0x8c6de94ffec33ee24097632b033698cbb8b7f741
293,0x8c6de94ffec33ee24097632b033698cbb8b7f741
294,0x8c6de94ffec33ee24097632b033698cbb8b7f741
295,0x8c6de94ffec33ee24097632b033698cbb8b7f741
296,0x8c6de94ffec33ee24097632b033698cbb8b7f741
297,0x8c6de94ffec33ee24097632b033698cbb8b7f741
298,0x8c6de94ffec33ee24097632b033698cbb8b7f741
299,0x8c6de94ffec33ee24097632b033698cbb8b7f741
300,0x8c6de94ffec33ee24097632b033698cbb8b7f741
401,0x9d9540ac1516012518d2e9ae99132b490bacc9af
402,0x9d9540ac1516012518d2e9ae99132b490bacc9af
403,0x9d9540ac1516012518d2e9ae99132b490bacc9af
404,0x9d9540ac1516012518d2e9ae99132b490bacc9af
405,0x9d9540ac1516012518d2e9ae99132b490bacc9af
406,0x9d9540ac1516012518d2e9ae99132b490bacc9af
407,0x9d9540ac1516012518d2e9ae99132b490bacc9af
408,0x9d9540ac1516012518d2e9ae99132b490bacc9af
409,0x9d9540ac1516012518d2e9ae99132b490bacc9af
410,0x9d9540ac1516012518d2e9ae99132b490bacc9af
411,0x9d9540ac1516012518d2e9ae99132b490bacc9af
412,0x9d9540ac1516012518d2e9ae99132b490bacc9af
413,0x9d9540ac1516012518d2e9ae99132b490bacc9af
414,0x9d9540ac1516012518d2e9ae99132b490bacc9af
415,0x9d9540ac1516012518d2e9ae99132b490bacc9af
416,0x9d9540ac1516012518d2e9ae99132b490bacc9af
417,0x9d9540ac1516012518d2e9ae99132b490bacc9af
418,0x9d9540ac1516012518d2e9ae99132b490bacc9af
419,0x9d9540ac1516012518d2e9ae99132b490bacc9af
420,0x9d9540ac1516012518d2e9ae99132b490bacc9af
421,0x9d9540ac1516012518d2e9ae99132b490bacc9af
422,0x9d9540ac1516012518d2e9ae99132b490bacc9af
423,0x9d9540ac1516012518d2e9ae99132b490bacc9af
424,0x9d9540ac1516012518d2e9ae99132b490bacc9af
425,0x9d9540ac1516012518d2e9ae99132b490bacc9af
426,0x9d9540ac1516012518d2e9ae99132b490bacc9af
427,0x9d9540ac1516012518d2e9ae99132b490bacc9af
428,0x9d9540ac1516012518d2e9ae99132b490bacc9af
429,0x9d9540ac1516012518d2e9ae99132b490bacc9af
430,0x9d9540ac1516012518d2e9ae99132b490bacc9af
431,0x9d9540ac1516012518d2e9ae99132b490bacc9af
432,0x9d9540ac1516012518d2e9ae99132b490bacc9af
433,0x9d9540ac1516012518d2e9ae99132b490bacc9af
434,0x9d9540ac1516012518d2e9ae99132b490bacc9af
435,0x9d9540ac1516012518d2e9ae99132b490bacc9af
436,0x9d9540ac1516012518d2e9ae99132b490bacc9af
437,0x9d9540ac1516012518d2e9ae99132b490bacc9af
438,0x9d9540ac1516012518d2e9ae99132b490bacc9af
439,0x9d9540ac1516012518d2e9ae99132b490bacc9af
440,0x9d9540ac1516012518d2e9ae99132b490bacc9af
441,0x9d9540ac1516012518d2e9ae99132b490bacc9af
442,0x9d9540ac1516012518d2e9ae99132b490bacc9af
443,0x9d9540ac1516012518d2e9ae99132b490bacc9af
444,0x9d9540ac1516012518d2e9ae99132b490bacc9af
445,0x9d9540ac1516012518d2e9ae99132b490bacc9af
446,0x9d9540ac1516012518d2e9ae99132b490bacc9af
447,0x9d9540ac1516012518d2e9ae99132b490bacc9af
448,0x9d9540ac1516012518d2e9ae99132b490bacc9af
449,0x9d9540ac1516012518d2e9ae99132b490bacc9af
450,0x9d9540ac1516012518d2e9ae99132b490bacc9af
451,0x9d9540ac1516012518d2e9ae99132b490bacc9af
452,0x9d9540ac1516012518d2e9ae99132b490bacc9af
453,0x9d9540ac1516012518d2e9ae99132b490bacc9af
454,0x9d9540ac1516012518d2e9ae99132b490bacc9af
455,0x9d9540ac1516012518d2e9ae99132b490bacc9af
456,0x9d9540ac1516012518d2e9ae99132b490bacc9af
457,0x9d9540ac1516012518d2e9ae99132b490bacc9af
458,0x9d9540ac1516012518d2e9ae99132b490bacc9af
459,0x9d9540ac1516012518d2e9ae99132b490bacc9af
460,0x9d9540ac1516012518d2e9ae99132b490bacc9af
461,0x9d9540ac1516012518d2e9ae99132b490bacc9af
462,0x9d9540ac1516012518d2e9ae99132b490bacc9af
463,0x9d9540ac1516012518d2e9ae99132b490bacc9af
464,0x9d9540ac1516012518d2e9ae99132b490bacc9af
465,0x9d9540ac1516012518d2e9ae99132b490bacc9af
466,0x9d9540ac1516012518d2e9ae99132b490bacc9af
467,0x9d9540ac1516012518d2e9ae99132b490bacc9af
468,0x9d9540ac1516012518d2e9ae99132b490bacc9af
469,0x9d9540ac1516012518d2e9ae99132b490bacc9af
470,0x9d9540ac1516012518d2e9ae99132b490bacc9af
471,0x9d9540ac1516012518d2e9ae99132b490bacc9af
472,0x9d9540ac1516012518d2e9ae99132b490bacc9af
473,0x9d9540ac1516012518d2e9ae99132b490bacc9af
474,0x9d9540ac1516012518d2e9ae99132b490bacc9af
475,0x9d9540ac1516012518d2e9ae99132b490bacc9af
476,0x9d9540ac1516012518d2e9ae99132b490bacc9af
477,0x9d9540ac1516012518d2e9ae99132b490bacc9af
478,0x9d9540ac1516012518d2e9ae99132b490bacc9af
479,0x9d9540ac1516012518d2e9ae99132b490bacc9af
480,0x9d9540ac1516012518d2e9ae99132b490bacc9af
481,0x9d9540ac1516012518d2e9ae99132b490bacc9af
482,0x9d9540ac1516012518d2e9ae99132b490bacc9af
483,0x9d9540ac1516012518d2e9ae99132b490bacc9af
484,0x9d9540ac1516012518d2e9ae99132b490bacc9af
485,0x9d9540ac1516012518d2e9ae99132b490bacc9af
486,0x9d9540ac1516012518d2e9ae99132b490bacc9af
487,0x9d9540ac1516012518d2e9ae99132b490bacc9af
488,0x9d9540ac1516012518d2e9ae99132b490bacc9af
489,0x9d9540ac1516012518d2e9ae99132b490bacc9af
490,0x9d9540ac1516012518d2e9ae99132b490bacc9af
491,0x9d9540ac1516012518d2e9ae99132b490bacc9af
492,0x9d9540ac1516012518d2e9ae99132b490bacc9af
493,0x9d9540ac1516012518d2e9ae99132b490bacc9af
494,0x9d9540ac1516012518d2e9ae99132b490bacc9af
495,0x9d9540ac1516012518d2e9ae99132b490bacc9af
496,0x9d9540ac1516012518d2e9ae99132b490bacc9af
497,0x9d9540ac1516012518d2e9ae99132b490bacc9af
498,0x9d9540ac1516012518d2e9ae99132b490bacc9af
499,0x9d9540ac1516012518d2e9ae99132b490bacc9af
500,0x9d9540ac1516012518d2e9ae99132b490bacc9af
501,0x0fef8389161b0f7c43866d03d934b40cf6b745eb
502,0x0fef8389161b0f7c43866d03d934b40cf6b745eb
503,0x0fef8389161b0f7c43866d03d934b40cf6b745eb
504,0x0fef8389161b0f7c43866d03d934b40cf6b745eb
505,0x0fef8389161b0f7c43866d03d934b40cf6b745eb
506,0x0fef8389161b0f7c43866d03d934b40cf6b745eb
507,0x0fef8389161b0f7c43866d03d934b40cf6b745eb
508,0x0fef8389161b0f7c43866d03d934b40cf6b745eb
509,0x0fef8389161b0f7c43866d03d934b40cf6b745eb
510,0x0fef8389161b0f7c43866d03d934b40cf6b745eb
511,0x0fef8389161b0f7c43866d03d934b40cf6b745eb
512,0x0fef8389161b0f7c43866d03d934b40cf6b745eb
513,0x0fef8389161b0f7c43866d03d934b40cf6b745eb
514,0x0fef8389161b0f7c43866d03d934b40cf6b745eb
515,0x0fef8389161b0f7c43866d03d934b40cf6b745eb
516,0x0fef8389161b0f7c43866d03d934b40cf6b745eb
517,0x0fef8389161b0f7c43866d03d934b40cf6b745eb
518,0x0fef8389161b0f7c43866d03d934b40cf6b745eb
519,0x0fef8389161b0f7c43866d03d934b40cf6b745eb
520,0x0fef8389161b0f7c43866d03d934b40cf6b745eb
521,0x0fef8389161b0f7c43866d03d934b40cf6b745eb
522,0x0fef8389161b0f7c43866d03d934b40cf6b745eb
523,0x0fef8389161b0f7c43866d03d934b40cf6b745eb
524,0x0fef8389161b0f7c43866d03d934b40cf6b745eb
525,0x0fef8389161b0f7c43866d03d934b40cf6b745eb
526,0x0fef8389161b0f7c43866d03d934b40cf6b745eb
527,0x0fef8389161b0f7c43866d03d934b40cf6b745eb
528,0x0fef8389161b0f7c43866d03d934b40cf6b745eb
529,0x0fef8389161b0f7c43866d03d934b40cf6b745eb
530,0x0fef8389161b0f7c43866d03d934b40cf6b745eb
531,0x0fef8389161b0f7c43866d03d934b40cf6b745eb
532,0x0fef8389161b0f7c43866d03d934b40cf6b745eb
533,0x0fef8389161b0f7c43866d03d934b40cf6b745eb
534,0x0fef8389161b0f7c43866d03d934b40cf6b745eb
535,0x0fef8389161b0f7c43866d03d934b40cf6b745eb
536,0x0fef8389161b0f7c43866d03d934b40cf6b745eb
537,0x0fef8389161b0f7c43866d03d934b40cf6b745eb
538,0x0fef8389161b0f7c43866d03d934b40cf6b745eb
539,0x0fef8389161b0f7c43866d03d934b40cf6b745eb
540,0x0fef8389161b0f7c43866d03d934b40cf6b745eb
541,0x0fef8389161b0f7c43866d03d934b40cf6b745eb
542,0x0fef8389161b0f7c43866d03d934b40cf6b745eb
543,0x0fef8389161b0f7c43866d03d934b40cf6b745eb
544,0x0fef8389161b0f7c43866d03d934b40cf6b745eb
545,0x0fef8389161b0f7c43866d03d934b40cf6b745eb
546,0x0fef8389161b0f7c43866d03d934b40cf6b745eb
547,0x0fef8389161b0f7c43866d03d934b40cf6b745eb
548,0x0fef8389161b0f7c43866d03d934b40cf6b745eb
549,0x0fef8389161b0f7c43866d03d934b40cf6b745eb
550,0x0fef8389161b0f7c43866d03d934b40cf6b745eb
551,0x0fef8389161b0f7c43866d03d934b40cf6b745eb
552,0x0fef8389161b0f7c43866d03d934b40cf6b745eb
553,0x0fef8389161b0f7c43866d03d934b40cf6b745eb
554,0x0fef8389161b0f7c43866d03d934b40cf6b745eb
555,0x0fef8389161b0f7c43866d03d934b40cf6b745eb
556,0x0fef8389161b0f7c43866d03d934b40cf6b745eb
557,0x0fef8389161b0f7c43866d03d934b40cf6b745eb
558,0x0fef8389161b0f7c43866d03d934b40cf6b745eb
559,0x0fef8389161b0f7c43866d03d934b40cf6b745eb
560,0x0fef8389161b0f7c43866d03d934b40cf6b745eb
561,0x0fef8389161b0f7c43866d03d934b40cf6b745eb
562,0x0fef8389161b0f7c43866d03d934b40cf6b745eb
563,0x0fef8389161b0f7c43866d03d934b40cf6b745eb
564,0x0fef8389161b0f7c43866d03d934b40cf6b745eb
565,0x0fef8389161b0f7c43866d03d934b40cf6b745eb
566,0x0fef8389161b0f7c43866d03d934b40cf6b745eb
567,0x0fef8389161b0f7c43866d03d934b40cf6b745eb
568,0x0fef8389161b0f7c43866d03d934b40cf6b745eb
569,0x0fef8389161b0f7c43866d03d934b40cf6b745eb
570,0x0fef8389161b0f7c43866d03d934b40cf6b745eb
571,0x0fef8389161b0f7c43866d03d934b40cf6b745eb
572,0x0fef8389161b0f7c43866d03d934b40cf6b745eb
573,0x0fef8389161b0f7c43866d03d934b40cf6b745eb
574,0x0fef8389161b0f7c43866d03d934b40cf6b745eb
575,0x0fef8389161b0f7c43866d03d934b40cf6b745eb
576,0x0fef8389161b0f7c43866d03d934b40cf6b745eb
577,0x0fef8389161b0f7c43866d03d934b40cf6b745eb
578,0x0fef8389161b0f7c43866d03d934b40cf6b745eb
579,0x0fef8389161b0f7c43866d03d934b40cf6b745eb
580,0x0fef8389161b0f7c43866d03d934b40cf6b745eb
581,0x0fef8389161b0f7c43866d03d934b40cf6b745eb
582,0x0fef8389161b0f7c43866d03d934b40cf6b745eb
583,0x0fef8389161b0f7c43866d03d934b40cf6b745eb
584,0x0fef8389161b0f7c43866d03d934b40cf6b745eb
585,0x0fef8389161b0f7c43866d03d934b40cf6b745eb
586,0x0fef8389161b0f7c43866d03d934b40cf6b745eb
587,0x0fef8389161b0f7c43866d03d934b40cf6b745eb
588,0x0fef8389161b0f7c43866d03d934b40cf6b745eb
589,0x0fef8389161b0f7c43866d03d934b40cf6b745eb
590,0x0fef8389161b0f7c43866d03d934b40cf6b745eb
591,0x0fef8389161b0f7c43866d03d934b40cf6b745eb
592,0x0fef8389161b0f7c43866d03d934b40cf6b745eb
593,0x0fef8389161b0f7c43866d03d934b40cf6b745eb
594,0x0fef8389161b0f7c43866d03d934b40cf6b745eb
595,0x0fef8389161b0f7c43866d03d934b40cf6b745eb
596,0x0fef8389161b0f7c43866d03d934b40cf6b745eb
597,0x0fef8389161b0f7c43866d03d934b40cf6b745eb
598,0x0fef8389161b0f7c43866d03d934b40cf6b745eb
599,0x0fef8389161b0f7c43866d03d934b40cf6b745eb
600,0x0fef8389161b0f7c43866d03d934b40cf6b745eb
301,0x1ea196a648404de6cdcd0a38f9d2af37ef990726
302,0x1ea196a648404de6cdcd0a38f9d2af37ef990726
303,0x1ea196a648404de6cdcd0a38f9d2af37ef990726
304,0x1ea196a648404de6cdcd0a38f9d2af37ef990726
305,0x1ea196a648404de6cdcd0a38f9d2af37ef990726
306,0x1ea196a648404de6cdcd0a38f9d2af37ef990726
307,0x1ea196a648404de6cdcd0a38f9d2af37ef990726
308,0x1ea196a648404de6cdcd0a38f9d2af37ef990726
309,0x1ea196a648404de6cdcd0a38f9d2af37ef990726
310,0x1ea196a648404de6cdcd0a38f9d2af37ef990726
311,0x1ea196a648404de6cdcd0a38f9d2af37ef990726
312,0x1ea196a648404de6cdcd0a38f9d2af37ef990726
313,0x1ea196a648404de6cdcd0a38f9d2af37ef990726
314,0x1ea196a648404de6cdcd0a38f9d2af37ef990726
315,0x1ea196a648404de6cdcd0a38f9d2af37ef990726
316,0x1ea196a648404de6cdcd0a38f9d2af37ef990726
317,0x1ea196a648404de6cdcd0a38f9d2af37ef990726
318,0x1ea196a648404de6cdcd0a38f9d2af37ef990726
319,0x1ea196a648404de6cdcd0a38f9d2af37ef990726
320,0x1ea196a648404de6cdcd0a38f9d2af37ef990726
321,0x1ea196a648404de6cdcd0a38f9d2af37ef990726
322,0x1ea196a648404de6cdcd0a38f9d2af37ef990726
323,0x1ea196a648404de6cdcd0a38f9d2af37ef990726
324,0x1ea196a648404de6cdcd0a38f9d2af37ef990726
325,0x1ea196a648404de6cdcd0a38f9d2af37ef990726
326,0x1ea196a648404de6cdcd0a38f9d2af37ef990726
327,0x1ea196a648404de6cdcd0a38f9d2af37ef990726
328,0x1ea196a648404de6cdcd0a38f9d2af37ef990726
329,0x1ea196a648404de6cdcd0a38f9d2af37ef990726
330,0x1ea196a648404de6cdcd0a38f9d2af37ef990726
331,0x1ea196a648404de6cdcd0a38f9d2af37ef990726
332,0x1ea196a648404de6cdcd0a38f9d2af37ef990726
333,0x1ea196a648404de6cdcd0a38f9d2af37ef990726
334,0x1ea196a648404de6cdcd0a38f9d2af37ef990726
335,0x1ea196a648404de6cdcd0a38f9d2af37ef990726
336,0x1ea196a648404de6cdcd0a38f9d2af37ef990726
337,0x1ea196a648404de6cdcd0a38f9d2af37ef990726
338,0x1ea196a648404de6cdcd0a38f9d2af37ef990726
339,0x1ea196a648404de6cdcd0a38f9d2af37ef990726
340,0x1ea196a648404de6cdcd0a38f9d2af37ef990726
341,0x1ea196a648404de6cdcd0a38f9d2af37ef990726
342,0x1ea196a648404de6cdcd0a38f9d2af37ef990726
343,0x1ea196a648404de6cdcd0a38f9d2af37ef990726
344,0x1ea196a648404de6cdcd0a38f9d2af37ef990726
345,0x1ea196a648404de6cdcd0a38f9d2af37ef990726
346,0x1ea196a648404de6cdcd0a38f9d2af37ef990726
347,0x1ea196a648404de6cdcd0a38f9d2af37ef990726
348,0x1ea196a648404de6cdcd0a38f9d2af37ef990726
349,0x1ea196a648404de6cdcd0a38f9d2af37ef990726
350,0x1ea196a648404de6cdcd0a38f9d2af37ef990726
351,0x1ea196a648404de6cdcd0a38f9d2af37ef990726
352,0x1ea196a648404de6cdcd0a38f9d2af37ef990726
353,0x1ea196a648404de6cdcd0a38f9d2af37ef990726
354,0x1ea196a648404de6cdcd0a38f9d2af37ef990726
355,0x1ea196a648404de6cdcd0a38f9d2af37ef990726
356,0x1ea196a648404de6cdcd0a38f9d2af37ef990726
357,0x1ea196a648404de6cdcd0a38f9d2af37ef990726
358,0x1ea196a648404de6cdcd0a38f9d2af37ef990726
359,0x1ea196a648404de6cdcd0a38f9d2af37ef990726
360,0x1ea196a648404de6cdcd0a38f9d2af37ef990726
361,0x1ea196a648404de6cdcd0a38f9d2af37ef990726
362,0x1ea196a648404de6cdcd0a38f9d2af37ef990726
363,0x1ea196a648404de6cdcd0a38f9d2af37ef990726
364,0x1ea196a648404de6cdcd0a38f9d2af37ef990726
365,0x1ea196a648404de6cdcd0a38f9d2af37ef990726
366,0x1ea196a648404de6cdcd0a38f9d2af37ef990726
367,0x1ea196a648404de6cdcd0a38f9d2af37ef990726
368,0x1ea196a648404de6cdcd0a38f9d2af37ef990726
369,0x1ea196a648404de6cdcd0a38f9d2af37ef990726
370,0x1ea196a648404de6cdcd0a38f9d2af37ef990726
371,0x1ea196a648404de6cdcd0a38f9d2af37ef990726
372,0x1ea196a648404de6cdcd0a38f9d2af37ef990726
373,0x1ea196a648404de6cdcd0a38f9d2af37ef990726
374,0x1ea196a648404de6cdcd0a38f9d2af37ef990726
375,0x1ea196a648404de6cdcd0a38f9d2af37ef990726
376,0x1ea196a648404de6cdcd0a38f9d2af37ef990726
377,0x1ea196a648404de6cdcd0a38f9d2af37ef990726
378,0x1ea196a648404de6cdcd0a38f9d2af37ef990726
379,0x1ea196a648404de6cdcd0a38f9d2af37ef990726
380,0x1ea196a648404de6cdcd0a38f9d2af37ef990726
381,0x1ea196a648404de6cdcd0a38f9d2af37ef990726
382,0x1ea196a648404de6cdcd0a38f9d2af37ef990726
383,0x1ea196a648404de6cdcd0a38f9d2af37ef990726
384,0x1ea196a648404de6cdcd0a38f9d2af37ef990726
385,0x1ea196a648404de6cdcd0a38f9d2af37ef990726
386,0x1ea196a648404de6cdcd0a38f9d2af37ef990726
387,0x1ea196a648404de6cdcd0a38f9d2af37ef990726
388,0x1ea196a648404de6cdcd0a38f9d2af37ef990726
389,0x1ea196a648404de6cdcd0a38f9d2af37ef990726
390,0x1ea196a648404de6cdcd0a38f9d2af37ef990726
391,0x1ea196a648404de6cdcd0a38f9d2af37ef990726
392,0x1ea196a648404de6cdcd0a38f9d2af37ef990726
393,0x1ea196a648404de6cdcd0a38f9d2af37ef990726
394,0x1ea196a648404de6cdcd0a38f9d2af37ef990726
395,0x1ea196a648404de6cdcd0a38f9d2af37ef990726
396,0x1ea196a648404de6cdcd0a38f9d2af37ef990726
397,0x1ea196a648404de6cdcd0a38f9d2af37ef990726
398,0x1ea196a648404de6cdcd0a38f9d2af37ef990726
399,0x1ea196a648404de6cdcd0a38f9d2af37ef990726
400,0x1ea196a648404de6cdcd0a38f9d2af37ef990726
701,0x89a86be0effe52682222212d74913b497eecd506
702,0x89a86be0effe52682222212d74913b497eecd506
703,0x89a86be0effe52682222212d74913b497eecd506
704,0x89a86be0effe52682222212d74913b497eecd506
705,0x89a86be0effe52682222212d74913b497eecd506
706,0x89a86be0effe52682222212d74913b497eecd506
707,0x89a86be0effe52682222212d74913b497eecd506
708,0x89a86be0effe52682222212d74913b497eecd506
709,0x89a86be0effe52682222212d74913b497eecd506
710,0x89a86be0effe52682222212d74913b497eecd506
711,0x89a86be0effe52682222212d74913b497eecd506
712,0x89a86be0effe52682222212d74913b497eecd506
713,0x89a86be0effe52682222212d74913b497eecd506
714,0x89a86be0effe52682222212d74913b497eecd506
715,0x89a86be0effe52682222212d74913b497eecd506
716,0x89a86be0effe52682222212d74913b497eecd506
717,0x89a86be0effe52682222212d74913b497eecd506
718,0x89a86be0effe52682222212d74913b497eecd506
719,0x89a86be0effe52682222212d74913b497eecd506
720,0x89a86be0effe52682222212d74913b497eecd506
721,0x89a86be0effe52682222212d74913b497eecd506
722,0x89a86be0effe52682222212d74913b497eecd506
723,0x89a86be0effe52682222212d74913b497eecd506
724,0x89a86be0effe52682222212d74913b497eecd506
725,0x89a86be0effe52682222212d74913b497eecd506
726,0x89a86be0effe52682222212d74913b497eecd506
727,0x89a86be0effe52682222212d74913b497eecd506
728,0x89a86be0effe52682222212d74913b497eecd506
729,0x89a86be0effe52682222212d74913b497eecd506
730,0x89a86be0effe52682222212d74913b497eecd506
731,0x89a86be0effe52682222212d74913b497eecd506
732,0x89a86be0effe52682222212d74913b497eecd506
733,0x89a86be0effe52682222212d74913b497eecd506
734,0x89a86be0effe52682222212d74913b497eecd506
735,0x89a86be0effe52682222212d74913b497eecd506
736,0x89a86be0effe52682222212d74913b497eecd506
737,0x89a86be0effe52682222212d74913b497eecd506
738,0x89a86be0effe52682222212d74913b497eecd506
739,0x89a86be0effe52682222212d74913b497eecd506
740,0x89a86be0effe52682222212d74913b497eecd506
741,0x89a86be0effe52682222212d74913b497eecd506
742,0x89a86be0effe52682222212d74913b497eecd506
743,0x89a86be0effe52682222212d74913b497eecd506
744,0x89a86be0effe52682222212d74913b497eecd506
745,0x89a86be0effe52682222212d74913b497eecd506
746,0x89a86be0effe52682222212d74913b497eecd506
747,0x89a86be0effe52682222212d74913b497eecd506
748,0x89a86be0effe52682222212d74913b497eecd506
749,0x89a86be0effe52682222212d74913b497eecd506
750,0x89a86be0effe52682222212d74913b497eecd506
751,0x89a86be0effe52682222212d74913b497eecd506
752,0x89a86be0effe52682222212d74913b497eecd506
753,0x89a86be0effe52682222212d74913b497eecd506
754,0x89a86be0effe52682222212d74913b497eecd506
755,0x89a86be0effe52682222212d74913b497eecd506
756,0x89a86be0effe52682222212d74913b497eecd506
757,0x89a86be0effe52682222212d74913b497eecd506
758,0x89a86be0effe52682222212d74913b497eecd506
759,0x89a86be0effe52682222212d74913b497eecd506
760,0x89a86be0effe52682222212d74913b497eecd506
761,0x89a86be0effe52682222212d74913b497eecd506
762,0x89a86be0effe52682222212d74913b497eecd506
763,0x89a86be0effe52682222212d74913b497eecd506
764,0x89a86be0effe52682222212d74913b497eecd506
765,0x89a86be0effe52682222212d74913b497eecd506
766,0x89a86be0effe52682222212d74913b497eecd506
767,0x89a86be0effe52682222212d74913b497eecd506
768,0x89a86be0effe52682222212d74913b497eecd506
769,0x89a86be0effe52682222212d74913b497eecd506
770,0x89a86be0effe52682222212d74913b497eecd506
771,0x89a86be0effe52682222212d74913b497eecd506
772,0x89a86be0effe52682222212d74913b497eecd506
773,0x89a86be0effe52682222212d74913b497eecd506
774,0x89a86be0effe52682222212d74913b497eecd506
775,0x89a86be0effe52682222212d74913b497eecd506
776,0x89a86be0effe52682222212d74913b497eecd506
777,0x89a86be0effe52682222212d74913b497eecd506
778,0x89a86be0effe52682222212d74913b497eecd506
779,0x89a86be0effe52682222212d74913b497eecd506
780,0x89a86be0effe52682222212d74913b497eecd506
781,0x89a86be0effe52682222212d74913b497eecd506
782,0x89a86be0effe52682222212d74913b497eecd506
783,0x89a86be0effe52682222212d74913b497eecd506
784,0x89a86be0effe52682222212d74913b497eecd506
785,0x89a86be0effe52682222212d74913b497eecd506
786,0x89a86be0effe52682222212d74913b497eecd506
787,0x89a86be0effe52682222212d74913b497eecd506
788,0x89a86be0effe52682222212d74913b497eecd506
789,0x89a86be0effe52682222212d74913b497eecd506
790,0x89a86be0effe52682222212d74913b497eecd506
791,0x89a86be0effe52682222212d74913b497eecd506
792,0x89a86be0effe52682222212d74913b497eecd506
793,0x89a86be0effe52682222212d74913b497eecd506
794,0x89a86be0effe52682222212d74913b497eecd506
795,0x89a86be0effe52682222212d74913b497eecd506
796,0x89a86be0effe52682222212d74913b497eecd506
797,0x89a86be0effe52682222212d74913b497eecd506
798,0x89a86be0effe52682222212d74913b497eecd506
799,0x89a86be0effe52682222212d74913b497eecd506
800,0x89a86be0effe52682222212d74913b497eecd506
801,0x89a86be0effe52682222212d74913b497eecd506
802,0x89a86be0effe52682222212d74913b497eecd506
803,0x89a86be0effe52682222212d74913b497eecd506
804,0x89a86be0effe52682222212d74913b497eecd506
805,0x89a86be0effe52682222212d74913b497eecd506
806,0x89a86be0effe52682222212d74913b497eecd506
807,0x89a86be0effe52682222212d74913b497eecd506
808,0x89a86be0effe52682222212d74913b497eecd506
809,0x89a86be0effe52682222212d74913b497eecd506
810,0x89a86be0effe52682222212d74913b497eecd506
811,0x89a86be0effe52682222212d74913b497eecd506
812,0x89a86be0effe52682222212d74913b497eecd506
813,0x89a86be0effe52682222212d74913b497eecd506
814,0x89a86be0effe52682222212d74913b497eecd506
815,0x89a86be0effe52682222212d74913b497eecd506
816,0x89a86be0effe52682222212d74913b497eecd506
817,0x89a86be0effe52682222212d74913b497eecd506
818,0x89a86be0effe52682222212d74913b497eecd506
819,0x89a86be0effe52682222212d74913b497eecd506
820,0x89a86be0effe52682222212d74913b497eecd506
821,0x89a86be0effe52682222212d74913b497eecd506
822,0x89a86be0effe52682222212d74913b497eecd506
823,0x89a86be0effe52682222212d74913b497eecd506
824,0x89a86be0effe52682222212d74913b497eecd506
825,0x89a86be0effe52682222212d74913b497eecd506
826,0x89a86be0effe52682222212d74913b497eecd506
827,0x89a86be0effe52682222212d74913b497eecd506
828,0x89a86be0effe52682222212d74913b497eecd506
829,0x89a86be0effe52682222212d74913b497eecd506
830,0x89a86be0effe52682222212d74913b497eecd506
831,0x89a86be0effe52682222212d74913b497eecd506
832,0x89a86be0effe52682222212d74913b497eecd506
833,0x89a86be0effe52682222212d74913b497eecd506
834,0x89a86be0effe52682222212d74913b497eecd506
835,0x89a86be0effe52682222212d74913b497eecd506
836,0x89a86be0effe52682222212d74913b497eecd506
837,0x89a86be0effe52682222212d74913b497eecd506
838,0x89a86be0effe52682222212d74913b497eecd506
839,0x89a86be0effe52682222212d74913b497eecd506
840,0x89a86be0effe52682222212d74913b497eecd506
841,0x89a86be0effe52682222212d74913b497eecd506
842,0x89a86be0effe52682222212d74913b497eecd506
843,0x89a86be0effe52682222212d74913b497eecd506
844,0x89a86be0effe52682222212d74913b497eecd506
845,0x89a86be0effe52682222212d74913b497eecd506
846,0x89a86be0effe52682222212d74913b497eecd506
847,0x89a86be0effe52682222212d74913b497eecd506
848,0x89a86be0effe52682222212d74913b497eecd506
849,0x89a86be0effe52682222212d74913b497eecd506
850,0x89a86be0effe52682222212d74913b497eecd506
851,0x89a86be0effe52682222212d74913b497eecd506
852,0x89a86be0effe52682222212d74913b497eecd506
853,0x89a86be0effe52682222212d74913b497eecd506
854,0x89a86be0effe52682222212d74913b497eecd506
855,0x89a86be0effe52682222212d74913b497eecd506
856,0x89a86be0effe52682222212d74913b497eecd506
857,0x89a86be0effe52682222212d74913b497eecd506
858,0x89a86be0effe52682222212d74913b497eecd506
859,0x89a86be0effe52682222212d74913b497eecd506
860,0x89a86be0effe52682222212d74913b497eecd506
861,0x89a86be0effe52682222212d74913b497eecd506
862,0x89a86be0effe52682222212d74913b497eecd506
863,0x89a86be0effe52682222212d74913b497eecd506
864,0x89a86be0effe52682222212d74913b497eecd506
865,0x89a86be0effe52682222212d74913b497eecd506
866,0x89a86be0effe52682222212d74913b497eecd506
867,0x89a86be0effe52682222212d74913b497eecd506
868,0x89a86be0effe52682222212d74913b497eecd506
869,0x89a86be0effe52682222212d74913b497eecd506
870,0x89a86be0effe52682222212d74913b497eecd506
871,0x89a86be0effe52682222212d74913b497eecd506
872,0x89a86be0effe52682222212d74913b497eecd506
873,0x89a86be0effe52682222212d74913b497eecd506
874,0x89a86be0effe52682222212d74913b497eecd506
875,0x89a86be0effe52682222212d74913b497eecd506
876,0x89a86be0effe52682222212d74913b497eecd506
877,0x89a86be0effe52682222212d74913b497eecd506
878,0x89a86be0effe52682222212d74913b497eecd506
879,0x89a86be0effe52682222212d74913b497eecd506
880,0x89a86be0effe52682222212d74913b497eecd506
881,0x89a86be0effe52682222212d74913b497eecd506
882,0x89a86be0effe52682222212d74913b497eecd506
883,0x89a86be0effe52682222212d74913b497eecd506
884,0x89a86be0effe52682222212d74913b497eecd506
885,0x89a86be0effe52682222212d74913b497eecd506
886,0x89a86be0effe52682222212d74913b497eecd506
887,0x89a86be0effe52682222212d74913b497eecd506
888,0x89a86be0effe52682222212d74913b497eecd506
889,0x89a86be0effe52682222212d74913b497eecd506
890,0x89a86be0effe52682222212d74913b497eecd506
891,0x89a86be0effe52682222212d74913b497eecd506
892,0x89a86be0effe52682222212d74913b497eecd506
893,0x89a86be0effe52682222212d74913b497eecd506
894,0x89a86be0effe52682222212d74913b497eecd506
895,0x89a86be0effe52682222212d74913b497eecd506
896,0x89a86be0effe52682222212d74913b497eecd506
897,0x89a86be0effe52682222212d74913b497eecd506
898,0x89a86be0effe52682222212d74913b497eecd506
899,0x89a86be0effe52682222212d74913b497eecd506
900,0x89a86be0effe52682222212d74913b497eecd506
901,0x89a86be0effe52682222212d74913b497eecd506
902,0x89a86be0effe52682222212d74913b497eecd506
903,0x89a86be0effe52682222212d74913b497eecd506
904,0x89a86be0effe52682222212d74913b497eecd506
905,0x89a86be0effe52682222212d74913b497eecd506
906,0x89a86be0effe52682222212d74913b497eecd506
907,0x89a86be0effe52682222212d74913b497eecd506
908,0x89a86be0effe52682222212d74913b497eecd506
909,0x89a86be0effe52682222212d74913b497eecd506
910,0x89a86be0effe52682222212d74913b497eecd506
911,0x89a86be0effe52682222212d74913b497eecd506
912,0x89a86be0effe52682222212d74913b497eecd506
913,0x89a86be0effe52682222212d74913b497eecd506
914,0x89a86be0effe52682222212d74913b497eecd506
915,0x89a86be0effe52682222212d74913b497eecd506
916,0x89a86be0effe52682222212d74913b497eecd506
917,0x89a86be0effe52682222212d74913b497eecd506
918,0x89a86be0effe52682222212d74913b497eecd506
919,0x89a86be0effe52682222212d74913b497eecd506
920,0x89a86be0effe52682222212d74913b497eecd506
921,0x89a86be0effe52682222212d74913b497eecd506
922,0x89a86be0effe52682222212d74913b497eecd506
923,0x89a86be0effe52682222212d74913b497eecd506
924,0x89a86be0effe52682222212d74913b497eecd506
925,0x89a86be0effe52682222212d74913b497eecd506
926,0x89a86be0effe52682222212d74913b497eecd506
927,0x89a86be0effe52682222212d74913b497eecd506
928,0x89a86be0effe52682222212d74913b497eecd506
929,0x89a86be0effe52682222212d74913b497eecd506
930,0x89a86be0effe52682222212d74913b497eecd506
931,0x89a86be0effe52682222212d74913b497eecd506
932,0x89a86be0effe52682222212d74913b497eecd506
933,0x89a86be0effe52682222212d74913b497eecd506
934,0x89a86be0effe52682222212d74913b497eecd506
935,0x89a86be0effe52682222212d74913b497eecd506
936,0x89a86be0effe52682222212d74913b497eecd506
937,0x89a86be0effe52682222212d74913b497eecd506
938,0x89a86be0effe52682222212d74913b497eecd506
939,0x89a86be0effe52682222212d74913b497eecd506
940,0x89a86be0effe52682222212d74913b497eecd506
941,0x89a86be0effe52682222212d74913b497eecd506
942,0x89a86be0effe52682222212d74913b497eecd506
943,0x89a86be0effe52682222212d74913b497eecd506
944,0x89a86be0effe52682222212d74913b497eecd506
945,0x89a86be0effe52682222212d74913b497eecd506
946,0x89a86be0effe52682222212d74913b497eecd506
947,0x89a86be0effe52682222212d74913b497eecd506
948,0x89a86be0effe52682222212d74913b497eecd506
949,0x89a86be0effe52682222212d74913b497eecd506
950,0x89a86be0effe52682222212d74913b497eecd506
951,0x89a86be0effe52682222212d74913b497eecd506
952,0x89a86be0effe52682222212d74913b497eecd506
953,0x89a86be0effe52682222212d74913b497eecd506
954,0x89a86be0effe52682222212d74913b497eecd506
955,0x89a86be0effe52682222212d74913b497eecd506
956,0x89a86be0effe52682222212d74913b497eecd506
957,0x89a86be0effe52682222212d74913b497eecd506
958,0x89a86be0effe52682222212d74913b497eecd506
959,0x89a86be0effe52682222212d74913b497eecd506
960,0x89a86be0effe52682222212d74913b497eecd506
961,0x89a86be0effe52682222212d74913b497eecd506
962,0x89a86be0effe52682222212d74913b497eecd506
963,0x89a86be0effe52682222212d74913b497eecd506
964,0x89a86be0effe52682222212d74913b497eecd506
965,0x89a86be0effe52682222212d74913b497eecd506
966,0x89a86be0effe52682222212d74913b497eecd506
967,0x89a86be0effe52682222212d74913b497eecd506
968,0x89a86be0effe52682222212d74913b497eecd506
969,0x89a86be0effe52682222212d74913b497eecd506
970,0x89a86be0effe52682222212d74913b497eecd506
971,0x89a86be0effe52682222212d74913b497eecd506
972,0x89a86be0effe52682222212d74913b497eecd506
973,0x89a86be0effe52682222212d74913b497eecd506
974,0x89a86be0effe52682222212d74913b497eecd506
975,0x89a86be0effe52682222212d74913b497eecd506
976,0x89a86be0effe52682222212d74913b497eecd506
977,0x89a86be0effe52682222212d74913b497eecd506
978,0x89a86be0effe52682222212d74913b497eecd506
979,0x89a86be0effe52682222212d74913b497eecd506
980,0x89a86be0effe52682222212d74913b497eecd506
981,0x89a86be0effe52682222212d74913b497eecd506
982,0x89a86be0effe52682222212d74913b497eecd506
983,0x89a86be0effe52682222212d74913b497eecd506
984,0x89a86be0effe52682222212d74913b497eecd506
985,0x89a86be0effe52682222212d74913b497eecd506
986,0x89a86be0effe52682222212d74913b497eecd506
987,0x89a86be0effe52682222212d74913b497eecd506
988,0x89a86be0effe52682222212d74913b497eecd506
989,0x89a86be0effe52682222212d74913b497eecd506
990,0x89a86be0effe52682222212d74913b497eecd506
991,0x89a86be0effe52682222212d74913b497eecd506
992,0x89a86be0effe52682222212d74913b497eecd506
993,0x89a86be0effe52682222212d74913b497eecd506
994,0x89a86be0effe52682222212d74913b497eecd506
995,0x89a86be0effe52682222212d74913b497eecd506
996,0x89a86be0effe52682222212d74913b497eecd506
997,0x89a86be0effe52682222212d74913b497eecd506
998,0x89a86be0effe52682222212d74913b497eecd506
999,0x89a86be0effe52682222212d74913b497eecd506
1000,0x89a86be0effe52682222212d74913b497eecd506
