0x89a86be0effe52682222212d74913b497eecd506,100
0x89a86be0effe52682222212d74913b497eecd506,100
0x89a86be0effe52682222212d74913b497eecd506,100
0x1ea196a648404de6cdcd0a38f9d2af37ef990726,100
0x1ea196a648404de6cdcd0a38f9d2af37ef990726,100
0x1ea196a648404de6cdcd0a38f9d2af37ef990726,100
0x1ea196a648404de6cdcd0a38f9d2af37ef990726,200
0x89a86be0effe52682222212d74913b497eecd506,100
0x89a86be0effe52682222212d74913b497eecd506,100
0x89a86be0effe52682222212d74913b497eecd506,100
0x89a86be0effe52682222212d74913b497eecd506,100
0x1ea196a648404de6cdcd0a38f9d2af37ef990726,100
0x89a86be0effe52682222212d74913b497eecd506,200
0x1ea196a648404de6cdcd0a38f9d2af37ef990726,100
0x89a86be0effe52682222212d74913b497eecd506,200
0x1ea196a648404de6cdcd0a38f9d2af37ef990726,100
0x89a86be0effe52682222212d74913b497eecd506,200
0x1ea196a648404de6cdcd0a38f9d2af37ef990726,100
0x1ea196a648404de6cdcd0a38f9d2af37ef990726,100
0x89a86be0effe52682222212d74913b497eecd506,200
0x1ea196a648404de6cdcd0a38f9d2af37ef990726,100
0x89a86be0effe52682222212d74913b497eecd506,200
0x89a86be0effe52682222212d74913b497eecd506,200
