added,edge,kind,pricing,before_comps,including_comps
50000,0.14,normal,retail,178,285
50000,0.14,normal,live,238,482
50000,0.14,high,retail,,
50000,0.14,high,live,8,33
50000,0.16,normal,retail,124,168
50000,0.16,normal,live,151,222
50000,0.16,high,retail,125,
50000,0.16,high,live,6,13
50000,0.18,normal,retail,95,119
50000,0.18,normal,live,110,144
50000,0.18,high,retail,17,
50000,0.18,high,live,5,8
50000,0.2,normal,retail,77,92
50000,0.2,normal,live,86,106
50000,0.2,high,retail,9,103
50000,0.2,high,live,4,6
150000,0.14,normal,retail,314,504
150000,0.14,normal,live,422,854
150000,0.14,high,retail,,
150000,0.14,high,live,14,57
150000,0.16,normal,retail,219,297
150000,0.16,normal,live,266,392
150000,0.16,high,retail,221,
150000,0.16,high,live,10,22
150000,0.18,normal,retail,167,210
150000,0.18,normal,live,194,253
150000,0.18,high,retail,30,
150000,0.18,high,live,8,13
150000,0.2,normal,retail,134,161
150000,0.2,normal,live,152,186
150000,0.2,high,retail,16,182
150000,0.2,high,live,7,10
