day,players,normal,high,added,paid,engine_risk,booked_action,direct_before_comps,comps,direct_total,future_bonus_funding,all_before_comps,all_total,cumulative_total,cumulative_before_comps,bonus_maturing,calendar_net,calendar_cumulative,pending_bonus_funding
1,10,10,0,150000,80000.0,114036.0,22502.67226890756,137473.52,450.05344537815125,137923.57344537816,2700.3206722689074,140173.8406722689,140623.89411764705,140623.89411764705,140173.8406722689,0.0,137923.57344537816,137923.57344537816,2700.3206722689074
2,13,13,0,150000,104000.0,126706.8,29010.714503816795,135192.776,580.2142900763358,135772.99029007633,3481.2857404580154,138674.061740458,139254.27603053435,279878.17014818144,278847.90241272695,385.7600960384154,136158.75038611476,274082.3238314929,5795.846316688508
3,16,16,0,150000,128000.0,138451.2,35463.656727272726,133078.784,709.2731345454546,133788.05713454547,4255.638807272728,137334.42280727273,138043.69594181818,417921.8660899996,416182.32521999965,883.0866303895604,134671.14376493503,408753.46759642794,9168.398493571674
4,19,19,0,150000,152000.0,151105.5,42094.89290322581,130801.01,841.8978580645162,131642.90785806451,5051.387148387097,135852.3971483871,136694.2950064516,554616.1610964512,552034.7223683867,1491.0350314285215,133133.94288949305,541887.410485921,12728.75061053025
5,22,22,0,150000,176000.0,162586.8,48584.18414371258,128734.376,971.6836828742515,129706.05968287426,5830.102097245509,134564.4780972455,135536.16178011976,690152.322876571,686599.2004656323,2212.6617669123925,131918.72144978665,673806.1319357076,16346.190940863366
6,25,25,0,150000,200000.0,175201.2,55280.735195530724,126463.784,1105.6147039106145,127569.39870391061,6633.688223463687,133097.4722234637,134203.0869273743,824355.4098039452,819696.672689096,3045.533495090322,130614.93219900093,804421.0641347085,19934.345669236733
7,28,28,0,150000,224000.0,187664.4,62005.663413612565,124220.408,1240.1132682722514,125460.52126827225,7440.679609633507,131661.0876096335,132901.20087790577,957256.610681851,951357.7602987294,3993.2032412994204,129453.72450957168,933874.7886442802,23381.82203757082
8,31,31,0,150000,248000.0,200107.2,68756.12311330049,121980.704,1375.12246226601,123355.826462266,8250.73477359606,130231.43877359606,131606.56123586206,1088863.171917713,1081589.1990723256,5056.157471247065,128411.98393351307,1062286.7725777933,26576.39933991981
9,34,34,0,150000,272000.0,212655.0,75531.92093023256,119722.1,1510.6384186046512,121232.73841860465,9063.830511627906,128785.93051162791,130296.56893023256,1219159.7408479457,1210375.1295839534,5849.073771436658,127081.81219004131,1189368.5847678345,29791.156080111065
10,37,37,0,150000,296000.0,223744.8,82006.38914537444,117725.936,1640.127782907489,119366.06378290748,9840.766697444933,127566.70269744494,129206.83048035242,1348366.5713282982,1337941.8322813984,6646.58016731807,126012.64395022555,1315381.22871806,32985.34261023792
11,40,40,0,150000,320000.0,236174.4,88789.14436820084,115488.608,1775.7828873640167,117264.39088736402,10654.6973241841,126143.3053241841,127919.08821154812,1476285.6595398462,1464085.1376055824,7444.455580199814,124708.84646756382,1440090.075185624,36195.584354222214
12,43,43,0,150000,344000.0,248596.5,95584.88548207171,113252.63,1911.6977096414344,115164.32770964144,11470.186257848605,124722.81625784861,126634.51396749004,1602920.1735073363,1588807.953863431,8244.92846245653,123409.25617209796,1563499.331357722,39420.84214961429
13,46,46,0,150000,368000.0,260976.6,102391.48936882129,111024.212,2047.8297873764259,113072.04178737642,12286.978724258555,123311.19072425856,125359.02051163498,1728279.1940189712,1712119.1445876895,9050.654771114114,122122.69655849054,1685622.0279162126,42657.16610275873
14,49,49,0,150000,392000.0,273546.0,109214.18181818182,108761.72,2184.2836363636366,110946.00363636363,13105.701818181818,121867.42181818181,124051.70545454546,1852330.8994735167,1833986.5664058714,9858.267699799095,120804.27133616272,1806426.2992523753,45904.60022114145
15,52,51,1,150000,576000.0,445906.0,116038.9046968641,77736.92,17680.778093937282,95417.69809393729,13924.668563623693,91661.58856362369,109342.36665756098,1961673.2661310777,1925648.154969495,10667.556586734569,106085.25468067185,1912511.553933047,49161.712198030575
16,55,54,1,150000,600000.0,458263.9,122870.84660869565,75512.498,17817.416932173914,93329.91493217391,14744.501593043478,90256.99959304348,108074.41652521738,2069747.6826562951,2015905.1545625385,11478.118556738516,104808.03348891244,2017319.5874219595,52428.09523433554
17,58,57,1,150000,624000.0,470800.0,129716.5273311897,73256.0,17954.330546623794,91210.3305466238,15565.983279742766,88821.98327974277,106776.31382636656,2176523.9964826615,2104727.1378422813,12289.64299694074,103499.97354356454,2120819.560965524,55704.435517137565
18,61,60,1,150000,648000.0,460276.9,120065.89307739938,75150.158,17761.31786154799,92911.47586154798,14407.907169287926,89558.06516928793,107319.38303083592,2283843.3795134975,2194285.203011569,13107.531080126146,106019.00694167413,2226838.5679071983,57004.81160629934
19,64,63,1,150000,672000.0,471904.0,126094.5671641791,73057.28,17881.891343283583,90939.17134328358,15131.348059701493,88188.6280597015,106070.51940298507,2389913.8989164825,2282473.8310712706,13643.703915140977,104582.87525842457,2331421.4431656227,58492.45575085986
20,67,66,1,50000,696000.0,440210.5,135091.19854545454,-21237.89,18061.823970909092,-3176.066029090909,16210.943825454546,-5026.946174545455,13034.877796363637,2402948.776712846,2277446.8848967254,14166.72702969139,10990.661000600481,2342412.104166223,60536.67254662301
21,70,69,1,50000,720000.0,451703.2,141144.69126213592,-23306.576,18182.893825242718,-5123.682174757281,16937.36295145631,-6369.213048543689,11813.68077669903,2414762.4574895455,2271077.6718481816,14727.293472719388,9603.611297962107,2352015.7154641855,62746.742025359934
22,73,72,1,50000,744000.0,462980.8,147188.94893457944,-25336.544,18303.77897869159,-7032.765021308412,17662.67387214953,-7673.870127850468,10629.908850841122,2425392.366340386,2263403.801720331,15274.673634615745,8241.908613307332,2360257.624077493,65134.74226289373
23,76,75,1,50000,768000.0,474461.8,153243.16908108108,-27403.124,18424.86338162162,-8978.26061837838,18389.18028972973,-9013.94371027027,9410.919671351352,2434803.286011738,2254389.858010061,15808.674392976578,6830.413774598201,2367088.037852091,67715.24815964687
24,79,78,1,50000,792000.0,485941.0,159297.86434782608,-29469.38,18545.95728695652,-10923.422713043477,19115.74372173913,-10353.63627826087,8192.321008695651,2442995.6070204335,2244036.2217318,16329.342778217471,5405.920065173994,2372493.9579172647,70501.64910316853
25,82,81,1,50000,816000.0,497444.8,165353.2305210084,-31540.064,18667.06461042017,-12872.999389579832,19842.387662521007,-11697.676337478992,6969.388272941176,2449964.9952933746,2232338.545394321,16836.45141278838,3963.4520232085492,2376457.4099404733,73507.58535290117
26,85,84,1,50000,840000.0,508921.3,171408.7423089431,-33605.834,18788.174846178863,-14817.659153821138,20569.04907707317,-13036.784922926829,5751.3899232520325,2455716.385216627,2219301.7604713943,17612.805768964536,2795.1466151433974,2379252.5565556167,76463.8286610098
27,88,87,1,50000,864000.0,520424.2,177464.86192125984,-35676.356,18909.297238425195,-16767.058761574805,21295.783430551182,-14380.57256944882,4528.724668976378,2460245.109885603,2204921.1879019453,18389.62020001763,1622.5614384428295,2380875.11799406,79369.99189154335
28,91,90,1,50000,888000.0,531898.0,183521.03816793894,-37741.64,19030.42076335878,-18711.21923664122,22022.524580152673,-15719.115419847329,3311.3053435114502,2463556.4152291142,2189202.072482098,19116.02585788858,404.80662124735915,2381279.924615307,82276.49061380744
29,94,93,1,50000,912000.0,543400.0,189577.77777777778,-39812.0,19151.555555555555,-20660.444444444445,22749.333333333332,-17062.666666666668,2088.8888888888887,2465645.304118003,2172139.4058154314,19842.477519130916,-817.9669253135266,2380461.9576899935,85183.34642800986
30,97,96,1,50000,936000.0,554593.0,195621.42952517985,-41826.74,19272.428590503598,-22554.311409496404,23474.571543021582,-18352.168456978416,920.2601335251799,2466565.5642515286,2153787.2373584528,20569.14315644289,-1985.1682530535136,2378476.78943694,88088.77481458854
31,100,98,2,50000,1120000.0,566086.0,201678.2803916084,-43895.48,19393.565607832166,-24501.914392167833,24201.39364699301,-19694.086353006995,-300.52074517482515,2466265.0435063536,2134093.151005446,21295.62762119887,-3206.286770968964,2375270.502665971,90994.54084038269
32,103,101,2,50000,1144000.0,577546.3,207735.05327891157,-45958.334,19514.701065578232,-26443.63293442177,24928.206393469387,-21030.127606530612,-1515.426540952381,2464749.6169654015,2113063.0233989153,22022.14903909228,-4421.483895329489,2370849.0187706416,93900.59819475979
33,106,104,2,50000,1168000.0,589038.4,213792.3378013245,-48026.912,19635.84675602649,-28391.06524397351,25655.08053615894,-22371.83146384106,-2735.9847078145694,2462013.632257587,2090691.1919350743,22748.694572084903,-5642.370671888605,2365206.648098753,96806.98415883383
34,109,107,2,50000,1192000.0,600496.0,219849.49161290322,-50089.28,19756.989832258063,-30332.290167741936,26381.93899354839,-23707.341006451614,-3950.3511741935486,2458063.2810833934,2066983.8509286228,23475.270494811444,-6857.019672930492,2358349.6284258226,99713.65265757077
35,112,110,2,50000,1216000.0,611987.2,225907.1438490566,-52157.696,19878.142876981132,-32279.553123018868,27108.85726188679,-25048.83873811321,-5170.695861132075,2452892.585222261,2041935.0121905096,24201.864146668187,-8077.688976350681,2350271.939449472,102620.64577278937
36,115,113,2,50000,1240000.0,623478.4,231964.96373006134,-54226.112,19999.299274601228,-34226.81272539877,27835.795647607363,-26390.316352392638,-6391.017077791411,2446501.5681444695,2015544.6958381168,24928.483101201633,-9298.32962419714,2340973.6098252744,105527.95831919511
37,118,116,2,50000,1264000.0,634932.4,238022.5857724551,-56287.832,20120.4517154491,-36167.3802845509,28562.71029269461,-27725.12170730539,-7604.669991856287,2438896.8981526135,1987819.5741308115,25655.120574669352,-10512.259709881548,2330461.350115393,108435.54803722036
38,121,119,2,50000,1288000.0,646422.7,244080.69693567252,-58356.086,20241.61393871345,-38114.47206128655,29289.683632280703,-29066.4023677193,-8824.788429005848,2430072.1097236075,1958753.1717630923,26381.997538908356,-11732.474522378194,2318728.875593015,111343.23413059271
39,124,122,2,50000,1312000.0,657913.0,250138.94285714286,-60424.34,20362.778857142857,-40061.56114285714,30016.673142857144,-30407.666857142856,-10044.888,2420027.2217236077,1928345.5049059493,27108.89610823517,-12952.665034621974,2305776.210558393,114251.01116521469
40,127,125,2,50000,1336000.0,669363.4,256196.9340782123,-62485.412,20483.938681564247,-42001.473318435754,30743.632089385475,-31741.779910614525,-11257.84122905028,2408769.3804945573,1896603.7249953349,27835.819929576275,-14165.653388859477,2291610.5571695333,117158.82332502388
41,130,128,2,50000,1360000.0,680852.8,262255.4142076503,-64553.504,20605.108284153004,-43948.39571584699,31470.649704918033,-33082.85429508197,-12477.746010928962,2396291.6344836284,1863520.8707002527,28562.755865751496,-15385.639850095498,2276224.917319438,120066.71716419043
42,133,131,2,50000,1384000.0,692342.2,268314.0042780749,-66621.596,20726.2800855615,-45895.315914438506,32197.680513368985,-34423.91548663101,-13697.63540106952,2382593.999082559,1829096.9552136217,29289.714538804303,-16605.6013756342,2259619.3159438036,122974.6831387551
43,136,134,2,50000,1408000.0,703831.6,274372.69738219894,-68689.688,20847.45394764398,-47842.23405235602,32924.72368586387,-35764.96431413612,-14917.510366492146,2367676.488716067,1793331.9908994858,30016.689289016045,-17825.544763339978,2241793.7711804635,125882.71753560293
44,139,137,2,50000,1432000.0,714886.0,280412.3323076923,-70679.48,20968.246646153846,-49711.23335384615,33649.47987692308,-37030.00012307693,-16061.753476923077,2351614.7352391435,1756301.9907764087,30743.679008766976,-18967.55434507918,2222826.2168353847,128788.51840375904
45,142,140,2,50000,1456000.0,726366.4,286470.7991155779,-72745.952,21089.41598231156,-51656.53601768844,34376.495893869345,-38369.45610613065,-17280.040123819097,2334334.6951153246,1717932.5346702782,31470.36037794247,-20186.175639745972,2202640.0411956385,131694.65391968592
46,145,143,2,50000,1480000.0,737846.8,292529.351408867,-74812.424,21210.58702817734,-53601.83697182266,35103.52216906404,-39708.90183093596,-18498.31480275862,2315836.3803125657,1678223.632839342,32197.047843883705,-21404.789127938955,2181235.2520676996,134601.12824486624
47,148,146,2,50000,1504000.0,749327.2,298587.98423188407,-76878.896,21331.75968463768,-55547.13631536232,35830.55810782609,-41048.33789217391,-19716.578207536233,2296119.8021050296,1637175.2949471683,32923.74056191326,-22623.39575344906,2158611.8563142507,137507.94579077908
48,151,148,3,50000,1688000.0,840760.5,304646.24060663505,-93336.89,29132.9248121327,-64203.965187867296,36557.54887279621,-56779.34112720379,-27646.41631507109,2268473.3857899583,1580395.9538199645,33650.44427883335,-30553.52090903395,2128058.3354052166,140415.05038474195
49,154,151,3,50000,1712000.0,852240.0,310705.0120930233,-95403.2,29254.100241860466,-66149.09975813953,37284.60145116279,-58118.59854883721,-28864.498306976744,2239608.8874829817,1522277.3552711273,34377.1441599588,-31771.95559818073,2096286.379807036,143322.50767594593
50,157,154,3,50000,1736000.0,863719.5,316763.8513607306,-97469.51,29375.27702721461,-68094.2329727854,38011.66216328767,-59457.84783671233,-30082.570809497716,2209526.316673484,1462819.507434415,35103.8471510722,-32990.385821713186,2063295.9939853228,146230.3226881614
51,160,157,3,50000,1760000.0,875199.0,322822.75476233184,-99535.82,29496.455095246638,-70039.36490475337,38738.73057147982,-60797.08942852018,-31300.63433327354,2178225.6823402103,1402022.4180058946,35830.552647847035,-34208.812256906334,2029087.1817284164,149138.50061179418
52,163,160,3,50000,1784000.0,886678.5,328881.718907489,-101602.13,29617.634378149778,-71984.49562185022,39465.806268898676,-62136.32373110132,-32518.68935295154,2145706.992987259,1339886.0942747933,36557.58846135514,-35426.90716049508,1993660.2745679212,152046.71841933773
53,166,163,3,50000,1808000.0,898158.0,334940.74064069265,-103668.44,29738.814812813853,-73929.62518718615,40192.88887688312,-63475.551123116886,-33736.73631030303,2111970.256676956,1276410.5431516764,37284.63280064504,-36644.992386541104,1957015.28218138,154954.9744955758
54,169,166,3,50000,1832000.0,909585.0,340999.3106382979,-105725.3,29859.986212765958,-75865.31378723404,40919.91727659575,-64805.382723404255,-34945.3965106383,2077024.8601663176,1211605.1604282723,38011.68518747634,-37853.62859975771,1919161.6535816225,157863.2065846952
55,172,169,3,50000,1856000.0,921063.6,347058.4299246862,-107791.448,29981.168598493725,-77810.27940150628,41647.01159096234,-66144.43640903766,-36163.26781054393,2040861.5923557738,1145460.7240192345,38738.736497300575,-39071.5429042057,1880090.1106774167,160771.48167835697
56,175,172,3,50000,1880000.0,932542.2,353117.59855144034,-109857.596,30102.351971028806,-79755.2440289712,42374.11182617284,-67483.48417382716,-37381.132202798355,2003480.4601529753,1077977.2398454074,39465.80259989574,-40289.44142907546,1839800.6692483413,163679.79090463408
57,178,175,3,50000,1904000.0,944020.8,359176.8141214575,-111923.744,30223.53628242915,-81700.20771757085,43101.2176945749,-68822.5263054251,-38598.99002299595,1964881.4701299793,1009154.7135399823,40192.87551061146,-41507.33220695939,1798293.337041382,166588.1330885975
58,181,178,3,50000,1928000.0,955499.4,365236.07439043827,-113989.892,30344.721487808765,-83645.17051219124,43828.32892685259,-70161.56307314741,-39816.84158533865,1925064.6285446407,938993.1504668349,40919.95487222392,-42725.21563996731,1755568.1214014145,169496.5071432262
59,184,181,3,50000,1952000.0,966978.0,371295.377254902,-116056.04,30465.907545098038,-85590.13245490196,44555.445270588236,-71500.59472941177,-41034.68718431373,1884029.941360327,867492.5557374231,41647.040351562886,-43943.09210333908,1711625.0292980755,172404.91206225153
60,187,184,3,50000,1976000.0,978398.7,377354.16037065635,-118111.766,30587.08320741313,-87524.68279258687,45282.499244478764,-72829.26675552124,-42242.18354810811,1841787.757812219,794663.288981902,42374.13163751854,-45150.55115506834,1666474.4781430073,175313.27966921174
61,190,187,3,50000,2000000.0,989876.4,383413.5336273764,-120177.752,30708.27067254753,-89469.48132745248,46009.624035285175,-74168.12796471483,-43459.857292167304,1798327.9005200516,720495.161017187,43101.218832889346,-46368.262494563125,1620106.2156484441,178221.68487160758
62,193,190,3,50000,2024000.0,1001354.1,389472.9439101124,-122243.738,30829.458878202247,-91414.27912179775,46736.753269213485,-75506.98473078651,-44677.52585258427,1753650.3746674673,644988.1762864005,43828.31979841641,-47585.95932338135,1572520.2563250626,181130.11834240466
63,196,193,3,50000,2048000.0,1012831.8,395532.3895793358,-124309.724,30950.647791586714,-93359.07620841329,47463.886749520294,-76845.8372504797,-45895.189458892986,1707755.1852085744,568142.3390359209,44555.42575245228,-48803.650455961004,1523716.6058691016,184038.57933947266
64,199,196,3,50000,2072000.0,1024309.5,401591.8690909091,-126375.71,31071.837381818183,-95303.87261818182,48191.02429090909,-78184.6857090909,-47112.848327272724,1660642.3368813016,489957.65332682995,45282.53645578763,-50021.33616239418,1473695.2697067074,186947.06717459412
65,202,198,4,50000,2256000.0,1115787.2,407651.3809892473,-142841.696,38873.027619784945,-103968.66838021505,48918.16571870968,-93923.53028129032,-55050.50266150538,1605591.8342197964,396034.12304553966,46009.65168383538,-57959.01669637968,1415736.253010328,189855.58120946842
66,205,201,4,50000,2280000.0,1127264.9,413710.9239010601,-144907.682,38994.218478021205,-105913.4635219788,49645.310868127206,-95262.37113187279,-56268.15265385159,1549323.6815659446,300771.75191366684,46736.77122552924,-59176.69229644955,1356559.5607138784,192764.12085206638
67,208,204,4,50000,2304000.0,1138742.6,419770.4965296167,-146973.668,39115.40993059234,-107858.25806940766,50372.45958355401,-96601.208416446,-57485.79848585366,1491837.883080091,204170.54349722087,47463.89488232053,-60394.36318708714,1296165.1975267911,195672.68555329987
68,211,207,4,50000,2328000.0,1150220.3,425830.0976494845,-149039.654,39236.60195298969,-109803.05204701031,51099.61171793815,-97940.04228206186,-58703.44032907217,1433134.4427510188,106230.501215159,48191.03207361699,-61612.01997339332,1234553.1775533978,198581.26519762102
69,214,210,4,50000,2352000.0,1161632.0,431889.0847457627,-151093.76,39357.781694915255,-111735.97830508475,51826.69016949153,-99267.06983050848,-59909.28813559322,1373225.1546154257,6963.431384650536,48918.17317113884,-62817.805133945905,1171735.3724194518,201489.7821959737
70,217,213,4,50000,2376000.0,1173108.8,437948.7304347826,-153159.584,39478.97460869565,-113680.60939130434,52553.847652173914,-100605.73634782608,-61126.76173913044,1312098.3928762951,-93642.30496317556,49645.30701403571,-64035.30237726864,1107700.0700421834,204398.3228341119
71,220,216,4,50000,2400000.0,1184585.6,444008.401320132,-155225.408,39600.16802640264,-115625.23997359736,53281.00815841584,-101944.39984158416,-62344.23181518152,1249754.1610611137,-195586.7048047597,50372.44428584337,-65252.79568775399,1042447.2743544293,207306.8867066844
72,223,219,4,50000,2424000.0,1196062.4,450068.0964169381,-157291.232,39721.36192833876,-117569.87007166124,54008.17157003257,-103283.06042996743,-63561.69850162866,1186192.462559485,-298869.7652347271,51099.58483834433,-66470.28523331691,975976.9891211124,210215.47343837263
73,226,222,4,50000,2448000.0,1207539.2,456127.8147909968,-159357.056,39842.55629581994,-119514.49970418007,54735.337774919615,-104621.71822508039,-64779.16192926045,1121413.3006302246,-403491.4834598075,51826.72853139046,-67687.77117278961,908289.2179483228,213124.08268190178
74,229,225,4,50000,2472000.0,1219016.0,462187.55555555556,-161422.88,39963.75111111111,-121459.1288888889,55462.50666666667,-105960.37333333334,-65996.62222222223,1055416.6784080022,-509451.8567931409,52553.875232360806,-68905.25365652809,839383.9642917947,216032.71411620764
75,232,228,4,50000,2496000.0,1230492.8,468247.31786833855,-163488.704,40084.946357366774,-123403.75764263322,56189.678144200625,-107299.02585579938,-67214.0794984326,988202.5989095698,-616750.8826489402,53281.02481566261,-70122.73282697062,769261.231464824,218941.36744474567
76,235,231,4,50000,2520000.0,1241969.6,474307.10092879256,-165554.528,40206.142018575854,-125348.38598142414,56916.85211145511,-108637.6758885449,-68431.53386996905,919771.0650396007,-725388.5585374851,54008.17716227154,-71340.20881915261,697921.0226456715,221850.04239392924
77,238,234,4,50000,2544000.0,1253446.4,480366.9039755352,-167620.352,40327.3380795107,-127293.01392048929,57644.02847706422,-109976.32352293578,-69648.98544342507,850122.0795961756,-835364.8820604209,54735.34315398062,-72557.67076650867,625363.3518791628,224758.72771701284
78,241,237,4,50000,2568000.0,1264923.2,486426.7262839879,-169686.176,40448.53452567976,-129237.64147432025,58371.20715407855,-111314.96884592145,-70866.4343202417,779255.6452759339,-946679.8509063424,55462.511843250664,-73775.12963106958,551588.2222480932,227667.4230278407
79,244,240,4,50000,2592000.0,1276400.0,492486.5671641791,-171752.0,40569.73134328358,-131182.26865671642,59098.388059701494,-112653.6119402985,-72083.88059701493,707171.764678919,-1059333.462846641,56189.683128345336,-74992.58552837108,476595.6367197221,230576.12795919686
80,247,243,4,50000,2616000.0,1287117.8,498512.3702182891,-173681.204,40690.24740436578,-132990.95659563423,59821.48442619469,-113859.71957380531,-73169.47216943953,634002.2925094794,-1173193.182420446,56916.85691258375,-76074.09968305046,400521.53703667165,233480.7554728078
81,250,245,5,50000,2800000.0,1378585.6,504571.83234985423,-190145.408,48491.436646997085,-141653.9713530029,60548.61988198251,-129596.78811801749,-81105.3514710204,552896.9410384591,-1302789.9705384637,57643.44929133734,-84010.52206166559,316511.0149750061,236385.926063453
82,253,248,5,50000,2824000.0,1390053.4,510631.3111700288,-192209.612,48612.62622340058,-143596.9857765994,61275.757340403456,-130933.85465959655,-82321.22843619596,470575.7126022631,-1433723.8251980601,58370.036893525314,-85226.9488830741,231284.06609193198,239291.64651033113
83,256,251,5,50000,2848000.0,1401521.2,516690.8061082621,-194273.816,48733.81612216524,-145539.99987783475,62002.89673299145,-132270.91926700855,-83537.1031448433,387038.6094574198,-1565994.7444650687,59096.619635840005,-86443.38024199476,144840.68584993723,242197.92360748257
84,259,254,5,50000,2872000.0,1412989.0,522750.31661971833,-196338.02,48855.00633239437,-147483.01366760564,62730.0379943662,-133607.9820056338,-84752.97567323943,302285.63378418033,-1699602.7264707026,59823.19743891663,-87659.81622868901,57180.86962124821,245104.76416293214
85,262,257,5,50000,2896000.0,1424456.8,528809.842183844,-198402.224,48976.19684367688,-149426.0271563231,63457.18106206128,-134945.0429379387,-85968.84609426184,216316.7876899185,-1834547.7694086414,60549.77022710262,-88876.2569292205,-31695.38730797229,248012.1749978908
86,265,260,5,50000,2920000.0,1435924.6,534869.3823030303,-200466.428,49097.387646060604,-151369.0403539394,64184.32587636363,-136282.10212363637,-87184.71447757576,129132.07321234276,-1970829.8715322777,61276.33792824301,-90092.70242569638,-121788.08973366868,250920.16294601143
87,268,263,5,50000,2944000.0,1447392.4,540928.9365013624,-202530.632,49218.57873002725,-153312.05326997276,64911.47238016349,-137619.15961983652,-88400.58088980927,40731.49232253349,-2108449.0311521143,62002.90047348046,-91309.15279649229,-213097.24253016096,253828.73485269447
88,271,266,5,50000,2968000.0,1458860.2,546988.5043234501,-204594.836,49339.770086469005,-155255.065913531,65638.62051881402,-138956.215481186,-89616.44539471698,-48884.95307218349,-2247405.2466333,62730.04160976172,-92525.02430376929,-305622.2668339302,256737.31376174674
89,274,269,5,50000,2992000.0,1470328.0,553048.0853333334,-206659.04,49460.96170666667,-157198.07829333332,66365.77024,-140293.26976,-90832.30805333333,-139717.26112551682,-2387698.5163933,63457.18455788051,-93740.89373545283,-399363.16056938306,259645.89944386625
90,277,272,5,50000,3016000.0,1481795.8,559107.6791134565,-208723.244,49582.15358226913,-159141.09041773088,67092.92149361478,-141630.32250638522,-92048.1689241161,-231765.4300496329,-2529328.8388996855,64184.329257822865,-94956.761159908,-494319.9217292911,262554.4916796582
91,280,275,5,50000,3040000.0,1493263.6,565167.2852637076,-210787.448,49703.34570527415,-161084.10229472586,67820.0742316449,-142967.3737683551,-93264.02806308094,-325029.4581127139,-2672296.2126680403,64911.47565219763,-96172.62664252822,-590492.5483718193,265463.09025910543
92,283,278,5,50000,3064000.0,1504731.4,571226.9034005168,-212851.652,49824.53806801033,-163027.11393198968,68547.22840806202,-144304.423591938,-94479.88552392765,-419509.3436366415,-2816600.6362599786,65638.6236860946,-97388.49024589508,-687881.0386177144,268371.69498107285
93,286,281,5,50000,3088000.0,1516199.2,577286.5331560102,-214915.856,49945.73066312021,-164970.1253368798,69274.38397872123,-145641.47202127878,-95695.74135815857,-515205.0849948001,-2962242.108281257,66365.77330695183,-98604.35202992796,-786485.3906476423,271280.3056528423
94,289,284,5,50000,3112000.0,1527578.5,583345.3078481012,-216964.13,50066.906156962024,-166897.22384303797,70001.43694177215,-146962.69305822786,-96895.78690126582,-612100.8718960659,-3109204.801339485,67092.92446443149,-99804.29937860649,-886289.6900262488,274188.8181301829
95,292,287,5,50000,3136000.0,1539045.4,589404.9507969925,-219028.172,50188.09901593985,-168840.07298406016,70728.5940956391,-148299.5779043609,-98111.47888842106,-710212.350784487,-3257504.379243846,67820.06225894701,-101020.01072511314,-987309.7007513619,277097.349966875
96,295,290,5,50000,3160000.0,1550512.3,595464.6043473945,-221092.214,50309.29208694789,-170782.92191305212,71455.75252168735,-149636.46147831265,-99327.16939136476,-809539.5201758518,-3407140.8407221586,68547.20134135059,-102235.72057170152,-1089545.4213230636,280005.9011472118
97,298,293,5,50000,3184000.0,1561979.2,601524.2681867322,-223156.256,50430.485363734646,-172725.77063626537,72182.91218240786,-150973.34381759213,-100542.8584538575,-910082.3786297092,-3558114.1845397507,69274.34166730593,-103451.42896895943,-1192996.8502920228,282914.4716623137
98,301,295,6,50000,3368000.0,1653446.1,607583.9420145985,-239620.298,58231.67884029197,-181388.61915970803,72910.07304175182,-166710.22495824817,-108478.5461179562,-1018560.9247476654,-3724824.409497999,70001.48319427637,-111387.13596543166,-1304383.9862574546,285823.06150978914
99,304,298,6,50000,3392000.0,1664913.0,613643.6255421686,-241684.34,58352.87251084337,-183331.46748915664,73637.23506506025,-168047.10493493977,-109694.23242409638,-1128255.1571717618,-3892871.514432939,70728.6258814345,-112602.84160772212,-1416986.8278651766,288731.67069341487
100,307,301,6,50000,3416000.0,1676379.9,619703.3184916468,-243748.382,58474.06636983294,-185274.31563016705,74364.39821899761,-169383.98378100237,-110909.91741116944,-1239165.0745829314,-4062255.498213941,71455.76968957711,-113818.54594058996,-1530805.3738057667,291640.2992228354
