added,normal,high,pricing,cash_in,ordinary_risk,jackpot_risk,booked_action,engine_and_pots,boost_and_progressive,comps,net,net_before_comps
50000,0,0,retail,0.0,10860.0,28852.2,13045.078344827587,67676.804,51565.40940137931,260.90156689655174,119503.11496827586,119242.2134013793
50000,100,0,retail,2500000.0,1096860.0,406086.0,1298538.2803916084,2286794.72,205824.59364699302,25970.765607832167,18590.079254825174,-7380.686353006993
50000,200,0,retail,5000000.0,2182860.0,788135.4,2586471.702861279,4505045.828,360376.6043433534,51729.434057225575,-82848.133599421,-134577.56765664657
50000,300,0,retail,7500000.0,3268860.0,1169623.8,3874424.0496468674,6723397.916,514930.88595762406,77488.48099293734,-184182.71704943856,-261671.1980423759
50000,100,10,retail,7500000.0,3377460.0,1244326.4,3599328.6896034116,6938653.448,481919.4427524094,148786.57379206823,69359.46454447761,-79427.10924759062
50000,0,1,retail,500000.0,358220.0,191346.7,362225.02327272727,497227.994,88939.26464192,20218.500465454545,106385.75910737454,86167.25864192
50000,0,10,retail,5000000.0,2291460.0,868112.0,2315131.296,4719352.04,327815.75552,123102.62592,170270.42144,47167.79552
50000,0,10,live,5213250.0,2291460.0,868112.0,2315131.296,4719352.04,327815.75552,123102.62592,-42979.57856,-166082.20448000001
150000,0,0,retail,0.0,10860.0,77836.8,13007.118987341772,158859.576,51560.85427848101,260.14237974683545,210680.57265822784,210420.430278481
150000,100,0,retail,2500000.0,1096860.0,450346.8,1295494.1891273486,2378827.776,205459.30269528183,25909.883782546975,110196.96247782881,84287.07869528185
150000,200,0,retail,5000000.0,2182860.0,829116.0,2582080.3442457337,4597669.32,359849.64130948804,51641.606884914676,9160.568194402731,-42481.038690511945
150000,300,0,retail,7500000.0,3268860.0,1210596.0,3869856.8787865518,6816022.92,514382.82545438624,77397.13757573105,-92197.11696988271,-169594.25454561377
150000,100,10,retail,7500000.0,3377460.0,1288716.2,3596289.3215722544,7030663.284,481554.71858867054,148725.7864314451,160943.7890201156,12218.002588670497
150000,0,1,retail,500000.0,358220.0,241967.2,362547.02187951806,588116.304,88975.8179237629,20224.94043759036,197317.06236135325,177092.1219237629
150000,0,10,retail,5000000.0,2291460.0,914036.0,2313962.6722689075,4811085.72,327675.52067226893,123079.25344537816,261840.49411764706,138761.2406722689
150000,0,10,live,5213250.0,2291460.0,914036.0,2313962.6722689075,4811085.72,327675.52067226893,123079.25344537816,48590.49411764706,-74488.7593277311
