# Goal 5, 500,000 standard-mixed 40-seat fields
CONFIG	days	10000	calibration	1	schedule	1	seed	202610005	action_bps	1200	main_base	50000	esc_hands	3	esc_cap	4294967295	dont_profit_ratio	3/4	boosted_shooters_pct	0	winnings_boost_pct	0	winnings_boost_mode	all	random_shooters_pct	15	picked_shooters_pct	5	random_goal_shooters_pct_5_20	15,15	picked_goal_shooters_pct_5_20	5,5	random_winnings_pct	0	picked_winnings_pct	0	random_winnings_jitter_pct	0	picked_winnings_jitter_pct	0	random_goal_bps_5_20	3300,4500	picked_goal_bps_5_20	2000,5000
PROPOSED_RULES	high_water_goal	1	peak_jackpot_table	25x_120x__50x_225x	customs	excluded_legacy_product
DONT_PASS	profit_ratio	3/4	random_ticket_edge_pct_5_20	11.897058,11.231526	picked_ticket_edge_pct_5_20	13.357532,12.802922
WINNER_PEAK_HEADER	depth	goal_multiple	fields	goal_fields	old_common_fields	old_common_pct_all	old_rare_fields	old_rare_pct_all	raw_common_start_bps	raw_rare_start_bps	best_0p1x_common_bps	best_0p1x_common_pct_all	best_0p1x_rare_bps	best_0p1x_rare_pct_all	simple_2p5goal_common_bps	simple_2p5goal_common_pct_all	simple_15goal_rare_bps	simple_15goal_rare_pct_all	winner_peak_p50_bps	winner_peak_p90_bps	winner_peak_p99_bps	winner_peak_p999_bps	winner_changed_pct_goal_fields	cap_stops	floor_500x_pct_all	floor_1000x_pct_all	floor_2000x_pct_all	floor_5000x_pct_all	floor_10000x_pct_all	floor_20000x_pct_all	floor_50000x_pct_all	floor_100000x_pct_all
BOUNTY_COHORT_HEADER	depth	goal_multiple	fields	random_win_pct	picked_win_pct	qualified_winner_pct	all_winner_peak_p90_bps	all_winner_peak_p95_bps	all_winner_peak_p99_bps	all_winner_peak_p995_bps	qualified_peak_p90_bps	qualified_peak_p99_bps
CAP_STOP_HEADER	depth	goal_multiple	field	seat	strategy	field_winner	reason	hands	rolls	goal_hand	goal_roll	post_goal_hands	goal_start_x	ceiling_entry_hand	ceiling_entry_start_x	peak_hand	peak_start_x	end_start_x	paid_start_x	next_wager_start_x	end_surplus_next_wagers	max_hand_gain_hand	max_hand_gain_start_x	positive_hands	negative_hands	flat_hands	boosted_hands	total_handle_start_x
WINNER_PEAK	5	5	500000	284177	1	0.000200	0	0.000000	490617578	490617579	490617000	0.000200	490618000	0.000000	250000	4.416600	1200000	0.477400	83050	213168	1056917	6053680	45.493478	0	0.071600	0.028600	0.010200	0.002600	0.001200	0.000400	0.000000	0.000000
BOUNTY_COHORT	5	5	500000	53.075400	46.924600	56.835400	150600	231396	701829	1162200	213168	1056917
JACKPOT_MATCH	5	5	500000	250000	1200000	4.416600	0.477400	0.134990	0.085840	0.014650	0.009220
RUN_LENGTH	5	5	20000000	hands_p95	13	hands_p99	15	hands_p999	21	hands_max	52	rolls_p95	138	rolls_p99	173	rolls_p999	251	rolls_max	638
WINNER_PEAK_AGGREGATE	500000	1	0.000200	490617000	0.000200	0	0.000000	490618000	0.000000
WINNER_PEAK_UNIVERSAL_RATE	5	0.000200	0.000000
WINNER_PEAK_UNIVERSAL_RATE	20	0.000000	0.000000
WINNER_PEAK_OBSERVED_MAX	peak_start_x	49061.757867	peak_flip	147185273.000000	goal	5	strategy	blank	hands_at_peak	48	rolls_at_peak	618	paid_start_x	23502.700000	paid_flip	70508100	paid_goal	5	paid_strategy	blank	paid_hands	52	paid_rolls	638	max_hands_any	52	max_rolls_any	638	max_work_any	119
# Goal 20, 500,000 standard-mixed 40-seat fields
CONFIG	days	10000	calibration	1	schedule	1	seed	202610020	action_bps	1200	main_base	50000	esc_hands	3	esc_cap	4294967295	dont_profit_ratio	3/4	boosted_shooters_pct	0	winnings_boost_pct	0	winnings_boost_mode	all	random_shooters_pct	15	picked_shooters_pct	5	random_goal_shooters_pct_5_20	15,15	picked_goal_shooters_pct_5_20	5,5	random_winnings_pct	0	picked_winnings_pct	0	random_winnings_jitter_pct	0	picked_winnings_jitter_pct	0	random_goal_bps_5_20	3300,4500	picked_goal_bps_5_20	2000,5000
PROPOSED_RULES	high_water_goal	1	peak_jackpot_table	25x_120x__50x_225x	customs	excluded_legacy_product
DONT_PASS	profit_ratio	3/4	random_ticket_edge_pct_5_20	11.897058,11.231526	picked_ticket_edge_pct_5_20	13.357532,12.802922
WINNER_PEAK_HEADER	depth	goal_multiple	fields	goal_fields	old_common_fields	old_common_pct_all	old_rare_fields	old_rare_pct_all	raw_common_start_bps	raw_rare_start_bps	best_0p1x_common_bps	best_0p1x_common_pct_all	best_0p1x_rare_bps	best_0p1x_rare_pct_all	simple_2p5goal_common_bps	simple_2p5goal_common_pct_all	simple_15goal_rare_bps	simple_15goal_rare_pct_all	winner_peak_p50_bps	winner_peak_p90_bps	winner_peak_p99_bps	winner_peak_p999_bps	winner_changed_pct_goal_fields	cap_stops	floor_500x_pct_all	floor_1000x_pct_all	floor_2000x_pct_all	floor_5000x_pct_all	floor_10000x_pct_all	floor_20000x_pct_all	floor_50000x_pct_all	floor_100000x_pct_all
BOUNTY_COHORT_HEADER	depth	goal_multiple	fields	random_win_pct	picked_win_pct	qualified_winner_pct	all_winner_peak_p90_bps	all_winner_peak_p95_bps	all_winner_peak_p99_bps	all_winner_peak_p995_bps	qualified_peak_p90_bps	qualified_peak_p99_bps
CAP_STOP_HEADER	depth	goal_multiple	field	seat	strategy	field_winner	reason	hands	rolls	goal_hand	goal_roll	post_goal_hands	goal_start_x	ceiling_entry_hand	ceiling_entry_start_x	peak_hand	peak_start_x	end_start_x	paid_start_x	next_wager_start_x	end_surplus_next_wagers	max_hand_gain_hand	max_hand_gain_start_x	positive_hands	negative_hands	flat_hands	boosted_hands	total_handle_start_x
WINNER_PEAK	5	20	500000	125035	13	0.002600	0	0.000000	153068533	1054008527	153068000	0.002600	1054009000	0.000000	500000	4.856800	2250000	0.483800	300320	737560	3660506	21326800	31.708722	0	0.162000	0.067200	0.026800	0.008000	0.003600	0.001600	0.000600	0.000200
BOUNTY_COHORT	5	20	500000	52.558800	47.441200	25.007000	336200	491856	1344733	2192746	737560	3660506
JACKPOT_MATCH	5	20	500000	500000	2250000	4.856800	0.483800	0.147700	0.095140	0.015440	0.008750
RUN_LENGTH	5	20	20000000	hands_p95	16	hands_p99	19	hands_p999	24	hands_max	57	rolls_p95	169	rolls_p99	215	rolls_p999	275	rolls_max	668
WINNER_PEAK_AGGREGATE	500000	13	0.002600	153068000	0.002600	0	0.000000	1054009000	0.000000
WINNER_PEAK_UNIVERSAL_RATE	5	0.000000	0.000000
WINNER_PEAK_UNIVERSAL_RATE	20	0.002600	0.000000
WINNER_PEAK_OBSERVED_MAX	peak_start_x	105400.852667	peak_flip	316202558.000000	goal	20	strategy	blank	hands_at_peak	55	rolls_at_peak	661	paid_start_x	46998.233333	paid_flip	140994700	paid_goal	20	paid_strategy	blank	paid_hands	54	paid_rolls	597	max_hands_any	57	max_rolls_any	668	max_work_any	124
