CONFIG	days	10000	calibration	1	schedule	1	seed	20260828	action_bps	1200	main_base	50000	esc_hands	3	esc_cap	4294967295	dont_profit_ratio	3/4	boosted_shooters_pct	0	winnings_boost_pct	0	winnings_boost_mode	all	random_shooters_pct	15	picked_shooters_pct	5	random_goal_shooters_pct_5_20	15,15	picked_goal_shooters_pct_5_20	5,5	random_winnings_pct	0	picked_winnings_pct	0	random_winnings_jitter_pct	0	picked_winnings_jitter_pct	0	random_goal_bps_5_20	3300,4500	picked_goal_bps_5_20	2000,5000
PROPOSED_RULES	high_water_goal	1	peak_jackpot_table	25x_120x__50x_225x	customs	excluded_legacy_product
DONT_PASS	profit_ratio	3/4	random_ticket_edge_pct_5_20	11.897058,11.231526	picked_ticket_edge_pct_5_20	13.357532,12.802922
POPULATION_HEADER	composition	heads	goal	fields	seats	engine_edge_pct	goal_seat_pct	all_bust_field_pct	random_winner_pct	picked_winner_pct	bounty_winner_pct	common_field_pct	rare_field_pct	common_per_entry_pct	rare_per_entry_pct	winner_peak_p95_x	winner_peak_p995_x	qualified_peak_p95_x	qualified_peak_p995_x	ending_p50_x	ending_p99_x	max_peak_x	max_ending_x	mean_hands	hands_p99	max_hands	mean_rolls	rolls_p99	max_rolls	mean_work_units	work_p99	max_work_units	cap_seat_pct	record_floor_x	record_hits	first_year_record_hits	final_record_x	dice_only_record_paid	dice_only_record_pool_end
POPULATION	all_random	1	5	200000	200000	-6.407667	11.802000	88.198000	100.000000	0.000000	0.000000	0.250000	0.023000	0.250000	0.023000	6.546900	18.020000	16.621900	67.995600	0.000000	8.666600	60665.983200	50617.133300	8.076640	15	54	68.891300	174	619	18.775440	41	116	0.000000	100	7	2	60665.983200	23668615	33485385
POPULATION	all_random	1	20	200000	200000	17.745100	2.947000	97.053000	100.000000	0.000000	0.000000	0.261000	0.021000	0.261000	0.021000	12.198000	37.824000	71.744000	311.725300	0.000000	25.633300	2433.139300	825.833300	8.699305	19	39	74.138475	217	482	19.116490	47	93	0.000000	100	5	1	2433.139300	42225526	14928474
POPULATION	all_random	2	5	200000	400000	19.130192	11.868500	81.694500	100.000000	0.000000	0.000000	0.484500	0.042000	0.242250	0.021000	8.100000	25.731700	18.553400	70.692100	0.000000	8.666600	1470.652200	757.266600	8.073522	15	36	68.774992	174	493	18.758333	41	95	0.000000	100	6	1	1470.652200	39890750	17263250
POPULATION	all_random	2	20	200000	400000	18.224917	2.864500	95.078000	100.000000	0.000000	0.000000	0.475500	0.041000	0.237750	0.020500	19.680000	50.996000	73.888100	317.778600	0.000000	25.500000	19163.417300	4745.500000	8.686887	19	48	73.970015	217	561	19.084222	47	106	0.000000	100	3	1	19163.417300	16259045	40894955
POPULATION	all_random	5	5	100000	500000	17.674327	11.905800	71.122000	100.000000	0.000000	0.000000	1.032000	0.110000	0.206400	0.022000	11.246400	41.510000	21.783500	96.508800	0.000000	8.500000	5628.947400	2939.233300	8.075992	15	43	68.867670	174	557	18.776242	41	105	0.000000	100	8	2	5628.947400	26285416	2296584
POPULATION	all_random	5	20	100000	500000	14.518713	2.909400	90.700000	100.000000	0.000000	0.000000	1.091000	0.098000	0.218200	0.019600	25.797000	80.809300	84.291300	420.988000	0.000000	25.633300	34179.715300	11788.266600	8.700588	19	50	74.237122	217	636	19.130862	47	119	0.000000	100	8	3	34179.715300	6117812	22464188
POPULATION	all_random	10	5	50000	500000	17.923300	11.898400	62.284000	100.000000	0.000000	0.000000	1.806000	0.210000	0.180600	0.021000	14.749600	65.988400	26.017400	129.289200	0.000000	8.666600	3247.253300	1117.333300	8.087048	15	40	69.055096	175	518	18.806294	41	99	0.000000	100	4	2	3247.253300	1530312	12765688
POPULATION	all_random	10	20	50000	500000	19.662673	2.941200	86.258000	100.000000	0.000000	0.000000	1.752000	0.190000	0.175200	0.019000	31.908600	114.964000	92.202000	468.797300	0.000000	25.600000	3273.712000	939.633300	8.714368	19	41	74.359796	217	503	19.153670	47	96	0.000000	100	8	4	3273.712000	4055979	10240021
POPULATION	all_random	20	5	25000	500000	17.824007	11.982400	52.496000	100.000000	0.000000	0.000000	2.884000	0.336000	0.144200	0.016800	19.019700	93.999400	30.342600	155.235700	0.000000	8.633300	2806.120800	1550.033300	8.079116	15	40	68.830256	174	459	18.774680	41	89	0.000000	100	5	1	2806.120800	5326883	1827117
POPULATION	all_random	20	20	25000	500000	15.834760	3.002000	80.644000	100.000000	0.000000	0.000000	3.028000	0.336000	0.151400	0.016800	41.147000	170.808000	108.942600	511.966600	0.000000	25.733300	9095.824000	3002.800000	8.705186	19	46	74.254316	219	554	19.139018	47	105	0.000000	100	7	5	9095.824000	3231361	3922639
POPULATION	all_random	40	5	12500	500000	16.532760	11.838200	43.952000	100.000000	0.000000	0.000000	4.360000	0.624000	0.109000	0.015600	24.949300	146.405200	37.257600	236.575800	0.000000	8.600000	4714.410400	2984.666600	8.095952	15	42	69.017676	174	518	18.795892	41	99	0.000000	100	5	2	4714.410400	1401069	2180931
POPULATION	all_random	40	20	12500	500000	15.602393	2.945000	74.288000	100.000000	0.000000	0.000000	4.656000	0.544000	0.116400	0.013600	50.800000	235.296000	121.445300	527.942000	0.000000	25.633300	29977.869300	10644.766600	8.674292	19	49	73.802856	218	580	19.059300	47	109	0.000000	100	7	5	29977.869300	2480841	1101159
POPULATION	all_random	80	5	6250	500000	10.946160	12.051400	34.576000	100.000000	0.000000	0.000000	6.112000	1.088000	0.076400	0.013600	32.232800	192.788400	44.988500	268.539200	0.000000	8.566600	4763.857900	2696.400000	8.089014	15	42	68.999824	175	466	18.805720	41	90	0.000000	100	7	6	4763.857900	885426	910574
POPULATION	all_random	80	20	6250	500000	26.958407	2.708000	67.888000	100.000000	0.000000	0.000000	6.848000	0.736000	0.085600	0.009200	63.898600	280.322000	116.607300	616.194600	0.000000	25.133300	2366.167600	1546.966600	8.670828	19	40	73.839330	217	530	19.053068	47	101	0.000000	100	8	5	2366.167600	1139073	656927
POPULATION	all_random	160	5	3125	500000	16.411593	11.814800	30.432000	100.000000	0.000000	0.000000	8.704000	1.440000	0.054400	0.009000	44.451200	280.217000	58.512200	430.365600	0.000000	8.633300	4078.818700	2809.066600	8.079490	15	42	68.880908	175	535	18.771878	42	102	0.000000	100	6	6	4078.818700	160973	743027
POPULATION	all_random	160	20	3125	500000	10.621253	3.079400	60.320000	100.000000	0.000000	0.000000	10.144000	1.664000	0.063400	0.010400	90.069300	607.086600	189.094000	1081.248600	0.000000	25.800000	106135.000000	22248.933300	8.694304	19	54	74.454508	220	614	19.179408	48	115	0.000000	100	6	6	106135.000000	334928	569072
POPULATION	all_bankroll_pick	1	5	200000	200000	19.676083	11.897500	88.102500	0.000000	100.000000	0.000000	0.299500	0.032000	0.299500	0.032000	6.553300	19.426600	17.726600	75.209000	0.000000	8.133300	1063.317300	422.166600	7.670935	15	36	65.297405	173	463	18.179820	41	90	0.000000	100	8	3	1063.317300	10681734	46472266
POPULATION	all_bankroll_pick	1	20	200000	200000	22.477250	2.858500	97.141500	0.000000	100.000000	0.000000	0.268000	0.023500	0.268000	0.023500	11.840000	38.306600	74.560000	296.320000	0.000000	25.033300	3132.673300	1589.866600	8.272920	19	39	70.541695	214	464	18.512200	47	90	0.000000	100	7	3	3132.673300	37402975	19751025
POPULATION	all_bankroll_pick	2	5	200000	400000	19.081750	11.987500	83.959500	0.000000	100.000000	0.000000	0.515000	0.058000	0.257500	0.029000	7.850600	27.148000	20.152000	91.020000	0.000000	8.133300	3081.405300	1115.333300	7.684345	15	41	65.546750	173	459	18.226675	41	89	0.000000	100	4	1	3081.405300	2726847	54427153
POPULATION	all_bankroll_pick	2	20	200000	400000	22.279142	2.885250	95.668000	0.000000	100.000000	0.000000	0.459500	0.049000	0.229750	0.024500	17.066600	50.600000	80.413300	422.660000	0.000000	25.033300	3749.180000	1363.600000	8.271380	19	40	70.500650	214	519	18.507120	47	99	0.000000	100	8	2	3749.180000	21175781	35978219
POPULATION	all_bankroll_pick	5	5	100000	500000	18.576260	11.946800	77.939000	0.000000	100.000000	0.000000	0.930000	0.104000	0.186000	0.020800	9.956000	38.810000	23.773300	115.560000	0.000000	8.133300	5404.964600	1033.833300	7.662094	15	42	65.273140	171	502	18.179204	41	96	0.000000	100	6	1	5404.964600	13811424	14770576
POPULATION	all_bankroll_pick	5	20	100000	500000	22.483020	2.834600	93.284000	0.000000	100.000000	0.000000	0.921000	0.092000	0.184200	0.018400	23.050000	76.240000	98.938300	491.180000	0.000000	25.000000	4086.880000	1402.333300	8.268858	19	42	70.439442	213	481	18.492430	47	93	0.000000	100	10	2	4086.880000	22706664	5875336
POPULATION	all_bankroll_pick	10	5	50000	500000	18.736587	12.093000	72.418000	0.000000	100.000000	0.000000	1.450000	0.164000	0.145000	0.016400	12.047300	55.413300	27.579300	136.997300	0.000000	8.133300	2707.716000	1445.700000	7.687830	15	39	65.562612	170	539	18.235132	41	102	0.000000	100	4	3	2707.716000	6772414	7523586
POPULATION	all_bankroll_pick	10	20	50000	500000	18.381380	2.953200	90.486000	0.000000	100.000000	0.000000	1.348000	0.164000	0.134800	0.016400	27.640000	96.860000	101.620000	423.226600	0.000000	25.166600	10027.480000	2418.933300	8.292118	19	44	70.733438	213	555	18.550154	47	105	0.000000	100	6	4	10027.480000	4162586	10133414
POPULATION	all_bankroll_pick	20	5	25000	500000	22.361953	11.581200	68.100000	0.000000	100.000000	0.000000	1.928000	0.196000	0.096400	0.009800	14.490600	71.050600	29.760000	143.413300	0.000000	8.100000	990.176000	620.900000	7.654094	15	36	65.165744	171	423	18.140774	41	83	0.000000	100	4	2	990.176000	4347610	2806390
POPULATION	all_bankroll_pick	20	20	25000	500000	21.832447	2.931400	87.648000	0.000000	100.000000	0.000000	2.132000	0.276000	0.106600	0.013800	32.653300	144.426600	121.210000	565.960000	0.000000	25.033300	10865.520000	2838.800000	8.278736	19	45	70.507768	212	536	18.511278	46	102	0.000000	100	9	5	10865.520000	6182252	971748
POPULATION	all_bankroll_pick	40	5	12500	500000	17.053393	12.290400	61.896000	0.000000	100.000000	0.000000	2.552000	0.240000	0.063800	0.006000	16.656000	78.704000	31.202600	138.184000	0.000000	8.166600	1494.514000	675.333300	7.676502	15	37	65.518360	173	454	18.236568	41	88	0.000000	100	2	2	1494.514000	12285	3569715
POPULATION	all_bankroll_pick	40	20	12500	500000	20.432280	2.948800	84.488000	0.000000	100.000000	0.000000	2.880000	0.360000	0.072000	0.009000	39.540000	187.120000	125.520000	767.646600	0.000000	24.966600	15874.000000	4405.200000	8.313940	19	45	70.947788	216	536	18.584810	47	102	0.000000	100	8	6	15874.000000	1967606	1614394
POPULATION	all_bankroll_pick	80	5	6250	500000	15.082587	12.168400	57.136000	0.000000	100.000000	0.000000	3.040000	0.480000	0.038000	0.006000	19.630000	112.512000	36.313300	258.133300	0.000000	8.166600	8949.537300	3488.200000	7.712660	15	45	66.118944	171	496	18.329038	41	95	0.000000	100	6	5	8949.537300	872528	923472
POPULATION	all_bankroll_pick	80	20	6250	500000	13.494373	3.192200	79.968000	0.000000	100.000000	0.000000	4.320000	0.528000	0.054000	0.006600	49.066600	229.873300	140.700000	748.400000	0.000000	25.500000	2481.760000	1478.233300	8.345268	19	39	71.496398	219	438	18.688738	48	86	0.000000	100	2	1	2481.760000	582150	1213850
POPULATION	all_bankroll_pick	160	5	3125	500000	18.881293	12.012400	52.736000	0.000000	100.000000	0.000000	4.256000	0.480000	0.026600	0.003000	23.776000	117.658600	41.018600	211.860000	0.000000	8.233300	3165.930600	1527.533300	7.659230	15	40	65.044418	176	478	18.148190	42	92	0.000000	100	5	5	3165.930600	247440	656560
POPULATION	all_bankroll_pick	160	20	3125	500000	28.849920	2.538600	77.696000	0.000000	100.000000	0.000000	5.312000	0.672000	0.033200	0.004200	57.620000	261.213300	157.160000	670.600000	0.000000	24.600000	10812.920000	3007.800000	8.262230	19	46	71.031046	208	538	18.574372	45	102	0.000000	100	9	8	10812.920000	675573	228427
POPULATION	half_random_half_bankroll_pick	1	5	200000	200000	18.719967	11.789000	88.211000	100.000000	0.000000	0.000000	0.251000	0.027500	0.251000	0.027500	6.521100	18.153300	16.806400	66.049100	0.000000	8.600000	2037.794800	815.833300	8.062270	15	37	68.622630	174	480	18.727880	41	93	0.000000	100	4	0	2037.794800	4387230	52766770
POPULATION	half_random_half_bankroll_pick	1	20	200000	200000	17.647117	2.909000	97.091000	100.000000	0.000000	0.000000	0.255000	0.031000	0.255000	0.031000	12.021000	37.840000	72.933000	379.634000	0.000000	25.700000	3601.846600	2424.933300	8.700565	19	42	74.170855	217	458	19.119985	47	89	0.000000	100	6	0	3601.846600	35988587	21165413
POPULATION	half_random_half_bankroll_pick	2	5	200000	400000	19.112625	11.947750	81.506500	54.349000	45.651000	0.000000	0.520500	0.048500	0.260250	0.024250	8.186600	26.935100	18.800000	81.085300	0.000000	8.300000	1630.126400	585.466600	7.873395	15	37	67.127740	173	502	18.488540	41	96	0.000000	100	5	1	1630.126400	8670673	48483327
POPULATION	half_random_half_bankroll_pick	2	20	200000	400000	-44.971017	2.928750	94.945500	55.026000	44.974000	0.000000	0.516000	0.053000	0.258000	0.026500	20.080000	53.910000	79.174600	342.240000	0.000000	25.400000	468385.452000	245038.766600	8.496343	19	63	72.480163	215	751	18.839200	47	138	0.000000	100	8	2	468385.452000	46544553	10609447
POPULATION	half_random_half_bankroll_pick	5	5	100000	500000	18.824533	11.777800	71.911000	68.516000	31.484000	0.000000	1.060000	0.107000	0.212000	0.021400	11.221500	42.196600	22.120000	96.047800	0.000000	8.266600	7221.398600	2961.566600	7.902108	15	45	67.244222	173	650	18.497112	41	121	0.000000	100	4	2	7221.398600	18439614	10142386
POPULATION	half_random_half_bankroll_pick	5	20	100000	500000	17.481140	2.950600	90.974000	69.294000	30.706000	0.000000	1.074000	0.116000	0.214800	0.023200	25.720000	84.868000	90.333300	374.400000	0.000000	25.533300	21074.320000	7967.133300	8.537370	19	48	72.856626	217	612	18.903004	47	115	0.000000	100	5	4	21074.320000	11323724	17258276
POPULATION	half_random_half_bankroll_pick	10	5	50000	500000	17.651200	11.987600	64.566000	65.126000	34.874000	0.000000	1.768000	0.206000	0.176800	0.020600	14.440000	62.235600	26.473300	137.329000	0.000000	8.466600	2395.807200	957.400000	7.880738	15	39	67.204920	174	499	18.503610	41	96	0.000000	100	10	7	2395.807200	8660815	5635185
POPULATION	half_random_half_bankroll_pick	10	20	50000	500000	16.814080	2.911000	87.548000	66.420000	33.580000	0.000000	1.782000	0.188000	0.178200	0.018800	31.120000	115.173300	101.718000	623.380000	0.000000	25.333300	6051.850000	3111.300000	8.484114	19	43	72.280192	215	522	18.805356	47	100	0.000000	100	8	3	6051.850000	5799052	8496948
POPULATION	half_random_half_bankroll_pick	20	5	25000	500000	18.229033	12.053400	56.068000	69.208000	30.792000	0.000000	2.676000	0.324000	0.133800	0.016200	17.992000	87.689200	30.906600	168.600000	0.000000	8.233300	2499.016000	784.133300	7.887890	15	39	67.417352	174	461	18.543022	41	89	0.000000	100	7	4	2499.016000	3569849	3584151
POPULATION	half_random_half_bankroll_pick	20	20	25000	500000	22.986893	2.789400	83.016000	70.092000	29.908000	0.000000	2.708000	0.300000	0.135400	0.015000	37.079000	156.894300	112.160000	758.620000	0.000000	25.166600	3283.180000	1587.900000	8.480474	19	42	72.242984	214	495	18.790256	47	95	0.000000	100	6	5	3283.180000	2211170	4942830
POPULATION	half_random_half_bankroll_pick	40	5	12500	500000	18.802100	12.053000	47.920000	72.248000	27.752000	0.000000	4.088000	0.456000	0.102200	0.011400	23.312400	112.397300	36.023600	183.920000	0.000000	8.200000	1698.577300	472.000000	7.890862	15	37	67.416272	172	458	18.545040	41	89	0.000000	100	4	3	1698.577300	870617	2711383
POPULATION	half_random_half_bankroll_pick	40	20	12500	500000	15.396233	3.040000	76.776000	72.712000	27.288000	0.000000	4.272000	0.472000	0.106800	0.011800	48.232000	215.088300	120.752000	698.600000	0.000000	25.566600	5588.092000	3075.900000	8.474286	19	43	72.147988	217	486	18.787496	47	94	0.000000	100	4	3	5588.092000	894639	2687361
POPULATION	half_random_half_bankroll_pick	80	5	6250	500000	17.412973	11.790800	40.384000	74.272000	25.728000	0.000000	5.520000	0.704000	0.069000	0.008800	29.372000	157.531400	44.639400	244.944000	0.000000	8.266600	8073.154600	3977.166600	7.859604	15	45	66.761964	172	542	18.419034	41	103	0.000000	100	7	7	8073.154600	554606	1241394
POPULATION	half_random_half_bankroll_pick	80	20	6250	500000	16.363273	2.999600	70.976000	75.312000	24.688000	0.000000	6.064000	0.784000	0.075800	0.009800	59.028500	288.200000	142.816600	585.240000	0.000000	25.500000	6275.722600	2388.033300	8.527384	19	45	73.138102	215	494	18.953324	47	95	0.000000	100	9	7	6275.722600	1314030	481970
POPULATION	half_random_half_bankroll_pick	160	5	3125	500000	22.383513	11.759600	32.864000	78.432000	21.568000	0.000000	7.552000	0.736000	0.047200	0.004600	34.381600	144.224000	47.640000	160.044100	0.000000	8.133300	1413.524200	586.133300	7.814790	15	37	65.947752	167	409	18.284714	40	81	0.000000	100	3	3	1413.524200	47051	856949
POPULATION	half_random_half_bankroll_pick	160	20	3125	500000	11.983093	3.242600	62.720000	77.984000	22.016000	0.000000	9.472000	1.248000	0.059200	0.007800	83.936000	575.116000	169.512000	970.054000	0.000000	25.700000	7015.680000	3111.500000	8.505430	19	44	72.785560	217	497	18.909864	47	95	0.000000	100	7	7	7015.680000	286912	617088
POPULATION	standard_mixed	1	5	200000	200000	19.657083	11.806000	88.194000	100.000000	0.000000	0.000000	0.232500	0.024000	0.232500	0.024000	6.490600	17.713100	16.255900	66.524000	0.000000	8.366600	884.756800	350.000000	8.062230	15	35	68.693810	174	425	18.741120	41	83	0.000000	100	6	0	884.756800	27104595	30049405
POPULATION	standard_mixed	1	20	200000	200000	18.401817	2.965000	97.035000	100.000000	0.000000	0.000000	0.257500	0.020000	0.257500	0.020000	12.122600	37.269300	70.394600	277.597300	0.000000	25.533300	5408.917800	1175.700000	8.707350	19	42	74.285575	217	507	19.141980	47	97	0.000000	100	4	1	5408.917800	37723575	19430425
POPULATION	standard_mixed	2	5	200000	400000	17.526925	11.947750	81.525000	54.359500	45.640500	0.000000	0.534000	0.064000	0.267000	0.032000	8.271900	28.111600	19.375200	87.393200	0.000000	8.266600	13890.900000	2618.700000	7.884767	15	46	67.234295	174	502	18.506100	41	96	0.000000	100	7	1	13890.900000	10426002	46727998
POPULATION	standard_mixed	2	20	200000	400000	18.285792	2.915250	94.960500	54.860000	45.140000	0.000000	0.512500	0.041500	0.256250	0.020750	20.048600	52.596600	77.569300	336.346600	0.000000	25.366600	21833.313300	5449.333300	8.484628	19	47	72.275635	215	631	18.804480	47	118	0.000000	100	5	4	21833.313300	31826706	25327294
POPULATION	standard_mixed	5	5	100000	500000	21.201853	11.638800	71.660000	62.914000	37.086000	0.000000	1.063000	0.084000	0.212600	0.016800	11.063300	40.629300	22.034600	84.713300	0.000000	8.233300	4202.933300	2892.200000	7.991382	15	42	68.090016	173	543	18.629812	41	103	0.000000	100	5	1	4202.933300	21069205	7512795
POPULATION	standard_mixed	5	20	100000	500000	20.438067	2.853200	90.993000	63.434000	36.566000	0.000000	1.035000	0.097000	0.207000	0.019400	25.520000	80.341600	86.588000	360.554600	0.000000	25.366600	9808.373300	5002.400000	8.611314	19	45	73.446908	217	588	18.995210	47	111	0.000000	100	10	5	9808.373300	20094322	8487678
POPULATION	standard_mixed	10	5	50000	500000	20.140587	11.693200	61.362000	51.256000	48.744000	0.000000	1.880000	0.172000	0.188000	0.017200	14.598100	62.218000	25.808000	105.512400	0.000000	8.333300	2099.076600	573.800000	8.027490	15	38	68.720800	174	535	18.739528	41	102	0.000000	100	4	2	2099.076600	2378805	11917195
POPULATION	standard_mixed	10	20	50000	500000	22.149073	2.801600	86.622000	52.368000	47.632000	0.000000	1.814000	0.174000	0.181400	0.017400	31.520000	112.720000	95.360000	475.070000	0.000000	25.366600	4671.200000	2868.933300	8.603650	19	42	73.388224	216	500	18.981760	47	96	0.000000	100	11	6	4671.200000	9208876	5087124
POPULATION	standard_mixed	20	5	25000	500000	23.349940	11.182600	53.012000	52.936000	47.064000	0.000000	2.596000	0.328000	0.129800	0.016400	18.090100	82.610000	28.584300	152.185400	0.000000	8.166600	3409.168000	3081.466600	8.013226	15	42	68.055506	171	459	18.596098	41	89	0.000000	100	7	2	3409.168000	3455153	3698847
POPULATION	standard_mixed	20	20	25000	500000	26.755800	2.705600	81.200000	52.328000	47.672000	0.000000	2.820000	0.244000	0.141000	0.012200	38.491700	152.096000	101.484000	463.380000	0.000000	25.166600	3275.306600	2053.333300	8.628514	19	42	73.773786	215	470	19.040292	47	91	0.000000	100	8	7	3275.306600	1367540	5786460
POPULATION	standard_mixed	40	5	12500	500000	21.637740	11.351000	42.768000	53.984000	46.016000	0.000000	4.008000	0.544000	0.100200	0.013600	23.080000	126.101300	35.186600	217.110000	0.000000	8.366600	3350.498700	1251.233300	8.058416	15	39	68.783592	174	508	18.727016	41	97	0.000000	100	3	3	3350.498700	128326	3453674
POPULATION	standard_mixed	40	20	12500	500000	26.781787	2.654600	75.056000	52.520000	47.480000	0.000000	4.168000	0.448000	0.104200	0.011200	47.540000	199.555000	104.213300	485.343300	0.000000	25.100000	8988.456100	5384.000000	8.598788	19	46	73.309006	215	523	18.961790	47	100	0.000000	100	7	3	8988.456100	2942731	639269
POPULATION	standard_mixed	80	5	6250	500000	26.381873	10.746200	33.792000	55.536000	44.464000	0.000000	5.152000	0.752000	0.064400	0.009400	29.017900	161.966900	38.277300	202.322400	0.000000	8.133300	2578.718600	1248.866600	8.020534	15	40	68.260058	170	507	18.604534	40	97	0.000000	100	6	6	2578.718600	547605	1248395
POPULATION	standard_mixed	80	20	6250	500000	26.599167	2.564000	67.824000	53.376000	46.624000	0.000000	6.576000	0.640000	0.082200	0.008000	61.536000	270.492600	124.320000	695.350000	0.000000	25.000000	103052.720000	13923.766600	8.605434	19	57	73.170450	215	611	18.934838	47	114	0.000000	100	7	5	103052.720000	1084627	711373
POPULATION	standard_mixed	160	5	3125	500000	25.572273	10.839800	27.776000	57.408000	42.592000	0.000000	8.352000	1.184000	0.052200	0.007400	39.110400	176.551300	48.211800	256.915300	0.000000	8.400000	5162.413200	2213.300000	8.045998	15	42	68.338948	173	474	18.628074	41	92	0.000000	100	5	5	5162.413200	196262	707738
POPULATION	standard_mixed	160	20	3125	500000	21.225693	2.825200	59.168000	55.616000	44.384000	0.000000	9.696000	1.184000	0.060600	0.007400	84.722600	491.264000	156.866600	937.109300	0.000000	25.466600	3231.786600	2904.100000	8.660380	19	42	74.171020	215	484	19.114690	47	93	0.000000	100	9	9	3231.786600	574962	329038
POPULATION	one_bounty_vs_random	1	5	200000	200000	48.784683	7.835000	92.165000	0.000000	0.000000	100.000000	0.044000	0.000500	0.044000	0.000500	5.640000	10.996000	11.913300	26.357300	0.000000	7.866600	363.968000	183.066600	8.465020	15	30	72.237380	170	360	19.093755	40	73	0.000000	100	1	0	363.968000	7363500	49790500
POPULATION	one_bounty_vs_random	1	20	200000	200000	59.920350	1.517500	98.482500	0.000000	0.000000	100.000000	0.072000	0.001500	0.072000	0.001500	7.713300	27.266600	49.380000	134.400000	0.000000	22.266600	345.686600	217.566600	8.871620	19	31	75.687335	208	371	19.288805	44	74	0.000000	100	5	0	345.686600	28255722	28898278
POPULATION	one_bounty_vs_random	2	5	200000	400000	29.794517	9.914750	82.736000	48.193000	0.000000	51.807000	0.305000	0.026000	0.152500	0.013000	7.504000	20.217000	15.362000	54.741300	0.000000	8.100000	24441.091200	12316.933300	8.265945	15	49	70.388715	172	645	18.909938	41	120	0.000000	100	4	1	24441.091200	19403812	37750188
POPULATION	one_bounty_vs_random	2	20	200000	400000	39.005950	2.222000	95.795000	48.103500	0.000000	51.896500	0.308500	0.024500	0.154250	0.012250	17.067600	42.616000	62.108500	244.771300	0.000000	24.400000	4085.069100	1627.466600	8.802585	19	40	75.141000	213	486	19.239932	46	94	0.000000	100	5	1	4085.069100	8285172	48868828
POPULATION	one_bounty_vs_random	5	5	100000	500000	23.838727	11.152400	70.242000	74.006000	0.000000	25.994000	0.907000	0.098000	0.181400	0.019600	10.766600	37.299600	19.828200	88.880900	0.000000	8.200000	2108.965000	1125.933300	8.155944	15	39	69.615454	173	468	18.854720	41	91	0.000000	100	8	1	2108.965000	19599812	8982188
POPULATION	one_bounty_vs_random	5	20	100000	500000	25.512900	2.639600	90.916000	73.498000	0.000000	26.502000	0.942000	0.096000	0.188400	0.019200	25.184300	74.272000	77.704000	389.478000	0.000000	25.166600	15760.104600	5904.866600	8.724584	19	48	74.328514	215	650	19.130220	47	121	0.000000	100	8	3	15760.104600	21452877	7129123
POPULATION	one_bounty_vs_random	10	5	50000	500000	21.404847	11.529600	60.830000	84.016000	0.000000	15.984000	1.748000	0.170000	0.174800	0.017000	14.204400	56.983400	24.789600	112.683700	0.000000	8.366600	3178.273600	1498.933300	8.124418	15	40	69.314486	173	522	18.827958	41	100	0.000000	100	7	4	3178.273600	10701092	3594908
POPULATION	one_bounty_vs_random	10	20	50000	500000	18.139140	2.775400	86.400000	83.262000	0.000000	16.738000	1.722000	0.198000	0.172200	0.019800	31.504000	116.188000	90.637300	406.944000	0.000000	25.466600	44988.613300	22400.533300	8.696322	19	52	74.000454	217	653	19.082976	47	121	0.000000	100	5	4	44988.613300	5918808	8377192
POPULATION	one_bounty_vs_random	20	5	25000	500000	20.737480	11.484200	52.220000	89.772000	0.000000	10.228000	3.032000	0.312000	0.151600	0.015600	19.007200	90.359700	30.916600	154.886800	0.000000	8.566600	2210.958600	811.500000	8.089020	15	39	68.937778	174	425	18.761376	41	83	0.000000	100	8	3	2210.958600	4753346	2400654
POPULATION	one_bounty_vs_random	20	20	25000	500000	23.387727	2.818600	80.972000	89.460000	0.000000	10.540000	2.996000	0.264000	0.149800	0.013200	39.904000	148.120000	101.705300	382.720000	0.000000	25.466600	3862.712000	1568.700000	8.696648	19	41	74.186602	217	485	19.117508	47	93	0.000000	100	8	2	3862.712000	5641587	1512413
POPULATION	one_bounty_vs_random	40	5	12500	500000	15.981933	11.720200	43.008000	94.256000	0.000000	5.744000	4.312000	0.680000	0.107800	0.017000	24.955700	142.787400	37.402100	225.253000	0.000000	8.633300	17264.738200	6615.166600	8.099404	15	48	68.986346	173	534	18.786104	41	102	0.000000	100	2	2	17264.738200	90222	3491778
POPULATION	one_bounty_vs_random	40	20	12500	500000	21.214353	2.781000	74.880000	93.608000	0.000000	6.392000	4.832000	0.520000	0.120800	0.013000	52.390600	235.930300	123.490000	794.879300	0.000000	25.466600	4683.974000	3168.466600	8.671012	19	42	73.629060	217	513	19.022156	47	98	0.000000	100	5	3	4683.974000	2852890	729110
POPULATION	one_bounty_vs_random	80	5	6250	500000	19.535580	11.660200	36.016000	96.176000	0.000000	3.824000	5.696000	0.976000	0.071200	0.012200	30.051200	199.277400	41.561600	258.560800	0.000000	8.733300	2335.681600	1216.133300	8.054300	15	39	68.533054	176	489	18.702678	41	94	0.000000	100	7	4	2335.681600	1237501	558499
POPULATION	one_bounty_vs_random	80	20	6250	500000	20.949147	2.878400	67.504000	95.648000	0.000000	4.352000	6.944000	0.784000	0.086800	0.009800	64.160000	308.986600	126.689300	658.808000	0.000000	25.433300	3950.384500	2312.000000	8.702340	19	42	74.066672	217	533	19.101128	47	101	0.000000	100	5	5	3950.384500	464425	1331575
POPULATION	one_bounty_vs_random	160	5	3125	500000	22.984687	11.298400	26.784000	97.888000	0.000000	2.112000	8.288000	1.376000	0.051800	0.008600	41.194900	251.312000	50.370600	312.162600	0.000000	8.633300	1292.161800	468.333300	8.057632	15	37	68.402412	173	435	18.659550	41	85	0.000000	100	5	5	1292.161800	407327	496673
POPULATION	one_bounty_vs_random	160	20	3125	500000	13.953820	3.123800	59.488000	97.664000	0.000000	2.336000	9.984000	1.408000	0.062400	0.008800	86.276000	483.910000	153.366100	1232.996000	0.000000	26.000000	6811.894600	2879.733300	8.745226	19	43	74.522580	219	457	19.195886	47	89	0.000000	100	5	5	6811.894600	23329	880671
